season,stateoc,agecat,osh,rcu,pi
1,AK,1,0,4,1
1,AK,1,1,1,1
1,AK,2,0,2,1
1,AK,2,1,0,0
1,AK,3,0,29,7
1,AK,3,1,79,9
1,AK,4,0,102,17
1,AK,4,1,213,7
1,AK,5,0,337,67
1,AK,5,1,466,43
1,AL,1,0,30,0
1,AL,1,1,23,3
1,AL,2,0,21,6
1,AL,2,1,15,1
1,AL,3,0,515,88
1,AL,3,1,683,25
1,AL,4,0,1463,253
1,AL,4,1,1810,32
1,AL,5,0,5599,1313
1,AL,5,1,8160,363
1,AR,1,0,18,1
1,AR,1,1,15,2
1,AR,2,0,8,2
1,AR,2,1,9,2
1,AR,3,0,241,29
1,AR,3,1,450,32
1,AR,4,0,737,141
1,AR,4,1,1234,53
1,AR,5,0,3382,859
1,AR,5,1,5615,402
1,AZ,1,0,52,5
1,AZ,1,1,18,5
1,AZ,2,0,26,2
1,AZ,2,1,19,3
1,AZ,3,0,404,88
1,AZ,3,1,464,43
1,AZ,4,0,1033,200
1,AZ,4,1,1681,121
1,AZ,5,0,3795,826
1,AZ,5,1,11016,915
1,CA,1,0,244,37
1,CA,1,1,105,25
1,CA,2,0,125,24
1,CA,2,1,71,9
1,CA,3,0,2607,541
1,CA,3,1,3076,211
1,CA,4,0,7098,1357
1,CA,4,1,9116,402
1,CA,5,0,29859,7938
1,CA,5,1,55961,4342
1,CO,1,0,40,3
1,CO,1,1,9,5
1,CO,2,0,18,4
1,CO,2,1,11,1
1,CO,3,0,219,37
1,CO,3,1,374,24
1,CO,4,0,620,115
1,CO,4,1,1134,64
1,CO,5,0,2349,467
1,CO,5,1,6878,633
1,CT,1,0,20,3
1,CT,1,1,6,0
1,CT,2,0,8,1
1,CT,2,1,10,1
1,CT,3,0,202,27
1,CT,3,1,252,9
1,CT,4,0,671,97
1,CT,4,1,822,21
1,CT,5,0,4230,884
1,CT,5,1,6908,577
1,DC,1,0,15,2
1,DC,1,1,2,0
1,DC,2,0,10,2
1,DC,2,1,3,0
1,DC,3,0,126,22
1,DC,3,1,42,3
1,DC,4,0,321,41
1,DC,4,1,184,5
1,DC,5,0,780,126
1,DC,5,1,703,30
1,DE,1,0,22,1
1,DE,1,1,3,1
1,DE,2,0,4,0
1,DE,2,1,3,0
1,DE,3,0,69,10
1,DE,3,1,102,8
1,DE,4,0,165,28
1,DE,4,1,280,5
1,DE,5,0,740,171
1,DE,5,1,1610,109
1,FL,1,0,138,20
1,FL,1,1,56,13
1,FL,2,0,48,7
1,FL,2,1,44,6
1,FL,3,0,1340,257
1,FL,3,1,1590,115
1,FL,4,0,3991,608
1,FL,4,1,5332,201
1,FL,5,0,19168,3244
1,FL,5,1,35402,1802
1,GA,1,0,66,8
1,GA,1,1,27,5
1,GA,2,0,34,6
1,GA,2,1,24,3
1,GA,3,0,802,135
1,GA,3,1,1193,44
1,GA,4,0,2244,378
1,GA,4,1,3353,99
1,GA,5,0,7432,1636
1,GA,5,1,14034,915
1,HI,1,0,11,3
1,HI,1,1,5,3
1,HI,2,0,6,1
1,HI,2,1,5,1
1,HI,3,0,110,15
1,HI,3,1,116,5
1,HI,4,0,262,53
1,HI,4,1,332,10
1,HI,5,0,1337,330
1,HI,5,1,1924,217
1,IA,1,0,12,1
1,IA,1,1,4,1
1,IA,2,0,6,2
1,IA,2,1,5,1
1,IA,3,0,121,18
1,IA,3,1,279,20
1,IA,4,0,452,84
1,IA,4,1,866,32
1,IA,5,0,2888,611
1,IA,5,1,6742,683
1,ID,1,0,7,1
1,ID,1,1,5,3
1,ID,2,0,4,2
1,ID,2,1,5,1
1,ID,3,0,61,10
1,ID,3,1,139,8
1,ID,4,0,205,29
1,ID,4,1,397,15
1,ID,5,0,1040,227
1,ID,5,1,2662,256
1,IL,1,0,74,9
1,IL,1,1,39,9
1,IL,2,0,40,12
1,IL,2,1,28,6
1,IL,3,0,683,147
1,IL,3,1,1155,65
1,IL,4,0,2238,459
1,IL,4,1,3175,113
1,IL,5,0,11489,2792
1,IL,5,1,19451,1611
1,IN,1,0,59,8
1,IN,1,1,28,2
1,IN,2,0,15,2
1,IN,2,1,18,3
1,IN,3,0,487,99
1,IN,3,1,722,45
1,IN,4,0,1550,263
1,IN,4,1,1976,74
1,IN,5,0,6868,1409
1,IN,5,1,11299,1027
1,KS,1,0,14,3
1,KS,1,1,10,3
1,KS,2,0,6,0
1,KS,2,1,7,3
1,KS,3,0,162,34
1,KS,3,1,236,18
1,KS,4,0,519,78
1,KS,4,1,758,40
1,KS,5,0,2575,617
1,KS,5,1,5014,417
1,KY,1,0,28,6
1,KY,1,1,14,2
1,KY,2,0,5,1
1,KY,2,1,14,2
1,KY,3,0,394,97
1,KY,3,1,603,46
1,KY,4,0,1258,295
1,KY,4,1,1620,54
1,KY,5,0,5567,1321
1,KY,5,1,7189,599
1,LA,1,0,26,2
1,LA,1,1,23,6
1,LA,2,0,6,1
1,LA,2,1,11,1
1,LA,3,0,318,62
1,LA,3,1,624,45
1,LA,4,0,1000,159
1,LA,4,1,1765,78
1,LA,5,0,3942,909
1,LA,5,1,6769,376
1,MA,1,0,26,3
1,MA,1,1,7,2
1,MA,2,0,15,1
1,MA,2,1,17,1
1,MA,3,0,320,75
1,MA,3,1,398,25
1,MA,4,0,1203,289
1,MA,4,1,1479,56
1,MA,5,0,6705,1762
1,MA,5,1,11887,1261
1,MD,1,0,34,2
1,MD,1,1,10,2
1,MD,2,0,7,2
1,MD,2,1,10,1
1,MD,3,0,298,75
1,MD,3,1,534,41
1,MD,4,0,1002,218
1,MD,4,1,1534,55
1,MD,5,0,4413,1222
1,MD,5,1,9109,779
1,ME,1,0,2,0
1,ME,1,1,2,0
1,ME,2,0,7,3
1,ME,2,1,0,0
1,ME,3,0,56,10
1,ME,3,1,102,7
1,ME,4,0,277,52
1,ME,4,1,349,5
1,ME,5,0,1448,322
1,ME,5,1,2521,263
1,MI,1,0,56,11
1,MI,1,1,22,9
1,MI,2,0,24,5
1,MI,2,1,26,8
1,MI,3,0,616,118
1,MI,3,1,953,65
1,MI,4,0,2286,448
1,MI,4,1,3081,101
1,MI,5,0,9821,2068
1,MI,5,1,18084,1173
1,MN,1,0,40,6
1,MN,1,1,18,6
1,MN,2,0,17,4
1,MN,2,1,9,2
1,MN,3,0,226,48
1,MN,3,1,339,37
1,MN,4,0,696,117
1,MN,4,1,1027,61
1,MN,5,0,3836,788
1,MN,5,1,8957,925
1,MO,1,0,50,6
1,MO,1,1,25,6
1,MO,2,0,24,2
1,MO,2,1,11,1
1,MO,3,0,418,78
1,MO,3,1,616,47
1,MO,4,0,1464,282
1,MO,4,1,2009,57
1,MO,5,0,6385,1521
1,MO,5,1,11755,929
1,MS,1,0,19,1
1,MS,1,1,26,5
1,MS,2,0,12,3
1,MS,2,1,20,1
1,MS,3,0,331,63
1,MS,3,1,593,15
1,MS,4,0,971,158
1,MS,4,1,1443,29
1,MS,5,0,3954,858
1,MS,5,1,5243,193
1,MT,1,0,2,0
1,MT,1,1,1,0
1,MT,2,0,0,0
1,MT,2,1,3,0
1,MT,3,0,39,13
1,MT,3,1,88,7
1,MT,4,0,143,22
1,MT,4,1,323,12
1,MT,5,0,841,187
1,MT,5,1,1889,174
1,NC,1,0,60,7
1,NC,1,1,27,6
1,NC,2,0,22,8
1,NC,2,1,24,4
1,NC,3,0,716,141
1,NC,3,1,900,53
1,NC,4,0,2275,454
1,NC,4,1,2814,133
1,NC,5,0,9109,2083
1,NC,5,1,15443,1445
1,ND,1,0,5,1
1,ND,1,1,2,1
1,ND,2,0,3,0
1,ND,2,1,0,0
1,ND,3,0,41,9
1,ND,3,1,39,3
1,ND,4,0,167,32
1,ND,4,1,173,8
1,ND,5,0,958,169
1,ND,5,1,1371,122
1,NE,1,0,14,1
1,NE,1,1,11,2
1,NE,2,0,4,1
1,NE,2,1,6,0
1,NE,3,0,107,23
1,NE,3,1,148,10
1,NE,4,0,351,66
1,NE,4,1,437,31
1,NE,5,0,1844,436
1,NE,5,1,3907,358
1,NH,1,0,2,1
1,NH,1,1,1,1
1,NH,2,0,2,0
1,NH,2,1,0,0
1,NH,3,0,53,12
1,NH,3,1,72,5
1,NH,4,0,199,40
1,NH,4,1,298,18
1,NH,5,0,1137,270
1,NH,5,1,2375,236
1,NJ,1,0,23,1
1,NJ,1,1,22,8
1,NJ,2,0,18,6
1,NJ,2,1,16,1
1,NJ,3,0,557,126
1,NJ,3,1,656,33
1,NJ,4,0,1631,246
1,NJ,4,1,2046,60
1,NJ,5,0,9233,1632
1,NJ,5,1,15596,919
1,NM,1,0,5,2
1,NM,1,1,6,3
1,NM,2,0,5,0
1,NM,2,1,8,3
1,NM,3,0,100,26
1,NM,3,1,182,28
1,NM,4,0,364,89
1,NM,4,1,560,51
1,NM,5,0,1291,358
1,NM,5,1,3436,339
1,NV,1,0,32,2
1,NV,1,1,3,2
1,NV,2,0,8,0
1,NV,2,1,11,2
1,NV,3,0,294,65
1,NV,3,1,279,23
1,NV,4,0,712,119
1,NV,4,1,830,19
1,NV,5,0,2317,522
1,NV,5,1,3361,133
1,NY,1,0,105,10
1,NY,1,1,54,13
1,NY,2,0,57,17
1,NY,2,1,39,7
1,NY,3,0,1461,279
1,NY,3,1,1658,96
1,NY,4,0,4540,759
1,NY,4,1,4813,188
1,NY,5,0,24740,5426
1,NY,5,1,31925,2015
1,OH,1,0,90,15
1,OH,1,1,39,10
1,OH,2,0,24,3
1,OH,2,1,32,7
1,OH,3,0,907,219
1,OH,3,1,1321,116
1,OH,4,0,2699,545
1,OH,4,1,4361,186
1,OH,5,0,11434,2461
1,OH,5,1,25685,2386
1,OK,1,0,40,2
1,OK,1,1,4,1
1,OK,2,0,4,3
1,OK,2,1,6,0
1,OK,3,0,311,81
1,OK,3,1,449,25
1,OK,4,0,1045,204
1,OK,4,1,1410,56
1,OK,5,0,4457,1157
1,OK,5,1,7254,481
1,OR,1,0,18,2
1,OR,1,1,9,5
1,OR,2,0,8,4
1,OR,2,1,9,1
1,OR,3,0,163,34
1,OR,3,1,235,15
1,OR,4,0,662,102
1,OR,4,1,966,47
1,OR,5,0,2813,522
1,OR,5,1,7327,585
1,PA,1,0,80,5
1,PA,1,1,41,15
1,PA,2,0,29,9
1,PA,2,1,18,8
1,PA,3,0,796,163
1,PA,3,1,1067,46
1,PA,4,0,2792,441
1,PA,4,1,3609,145
1,PA,5,0,14952,3031
1,PA,5,1,28351,1993
1,RI,1,0,4,0
1,RI,1,1,0,0
1,RI,2,0,2,0
1,RI,2,1,2,0
1,RI,3,0,61,11
1,RI,3,1,93,4
1,RI,4,0,231,47
1,RI,4,1,291,18
1,RI,5,0,1292,295
1,RI,5,1,2384,270
1,SC,1,0,37,2
1,SC,1,1,22,4
1,SC,2,0,14,2
1,SC,2,1,12,2
1,SC,3,0,378,61
1,SC,3,1,647,40
1,SC,4,0,1221,218
1,SC,4,1,1743,74
1,SC,5,0,4378,1038
1,SC,5,1,7720,633
1,SD,1,0,6,1
1,SD,1,1,4,1
1,SD,2,0,4,4
1,SD,2,1,1,0
1,SD,3,0,36,9
1,SD,3,1,72,9
1,SD,4,0,129,26
1,SD,4,1,235,17
1,SD,5,0,830,192
1,SD,5,1,1654,240
1,TN,1,0,54,2
1,TN,1,1,18,5
1,TN,2,0,27,3
1,TN,2,1,20,4
1,TN,3,0,647,131
1,TN,3,1,873,46
1,TN,4,0,2018,409
1,TN,4,1,2515,93
1,TN,5,0,7862,1886
1,TN,5,1,11393,1004
1,TX,1,0,208,26
1,TX,1,1,75,18
1,TX,2,0,89,13
1,TX,2,1,56,6
1,TX,3,0,1849,349
1,TX,3,1,2126,133
1,TX,4,0,5620,1082
1,TX,4,1,6376,286
1,TX,5,0,20062,4667
1,TX,5,1,31728,2199
1,UT,1,0,23,3
1,UT,1,1,11,2
1,UT,2,0,8,2
1,UT,2,1,10,2
1,UT,3,0,133,24
1,UT,3,1,182,24
1,UT,4,0,320,55
1,UT,4,1,461,37
1,UT,5,0,1208,297
1,UT,5,1,3045,358
1,VA,1,0,47,3
1,VA,1,1,23,9
1,VA,2,0,26,4
1,VA,2,1,11,4
1,VA,3,0,452,78
1,VA,3,1,584,43
1,VA,4,0,1595,224
1,VA,4,1,1813,74
1,VA,5,0,7228,1536
1,VA,5,1,10707,746
1,VT,1,0,8,1
1,VT,1,1,0,0
1,VT,2,0,0,0
1,VT,2,1,2,1
1,VT,3,0,19,2
1,VT,3,1,49,3
1,VT,4,0,99,19
1,VT,4,1,179,6
1,VT,5,0,588,134
1,VT,5,1,1264,145
1,WA,1,0,34,6
1,WA,1,1,16,6
1,WA,2,0,18,2
1,WA,2,1,12,3
1,WA,3,0,377,66
1,WA,3,1,475,37
1,WA,4,0,1165,211
1,WA,4,1,1746,111
1,WA,5,0,5104,1117
1,WA,5,1,10993,1075
1,WI,1,0,18,2
1,WI,1,1,26,9
1,WI,2,0,10,4
1,WI,2,1,7,2
1,WI,3,0,248,34
1,WI,3,1,433,34
1,WI,4,0,772,119
1,WI,4,1,1470,98
1,WI,5,0,3970,878
1,WI,5,1,11125,1031
1,WV,1,0,8,1
1,WV,1,1,6,1
1,WV,2,0,5,3
1,WV,2,1,3,0
1,WV,3,0,197,48
1,WV,3,1,268,16
1,WV,4,0,638,126
1,WV,4,1,821,37
1,WV,5,0,2761,666
1,WV,5,1,4223,325
1,WY,1,0,1,0
1,WY,1,1,5,2
1,WY,2,0,2,0
1,WY,2,1,2,0
1,WY,3,0,21,5
1,WY,3,1,63,4
1,WY,4,0,78,16
1,WY,4,1,156,4
1,WY,5,0,359,81
1,WY,5,1,832,81
2,AK,1,0,4,1
2,AK,1,1,5,1
2,AK,2,0,3,1
2,AK,2,1,1,0
2,AK,3,0,33,4
2,AK,3,1,74,4
2,AK,4,0,103,24
2,AK,4,1,235,8
2,AK,5,0,297,62
2,AK,5,1,539,29
2,AL,1,0,36,1
2,AL,1,1,13,3
2,AL,2,0,12,3
2,AL,2,1,16,0
2,AL,3,0,460,75
2,AL,3,1,600,19
2,AL,4,0,1509,253
2,AL,4,1,1811,34
2,AL,5,0,5489,1207
2,AL,5,1,8082,358
2,AR,1,0,11,0
2,AR,1,1,16,5
2,AR,2,0,9,3
2,AR,2,1,7,3
2,AR,3,0,244,46
2,AR,3,1,438,25
2,AR,4,0,742,132
2,AR,4,1,1297,44
2,AR,5,0,3327,777
2,AR,5,1,5849,405
2,AZ,1,0,36,1
2,AZ,1,1,29,6
2,AZ,2,0,27,7
2,AZ,2,1,13,1
2,AZ,3,0,353,67
2,AZ,3,1,489,41
2,AZ,4,0,948,162
2,AZ,4,1,1850,88
2,AZ,5,0,3692,798
2,AZ,5,1,11266,800
2,CA,1,0,228,31
2,CA,1,1,111,22
2,CA,2,0,106,23
2,CA,2,1,76,13
2,CA,3,0,2412,469
2,CA,3,1,2801,190
2,CA,4,0,7056,1398
2,CA,4,1,9221,421
2,CA,5,0,29606,7850
2,CA,5,1,56748,4081
2,CO,1,0,14,2
2,CO,1,1,9,1
2,CO,2,0,15,1
2,CO,2,1,11,3
2,CO,3,0,221,38
2,CO,3,1,392,31
2,CO,4,0,663,107
2,CO,4,1,1202,67
2,CO,5,0,2318,442
2,CO,5,1,7100,647
2,CT,1,0,12,0
2,CT,1,1,3,1
2,CT,2,0,5,3
2,CT,2,1,6,0
2,CT,3,0,222,37
2,CT,3,1,267,14
2,CT,4,0,649,100
2,CT,4,1,859,23
2,CT,5,0,4054,841
2,CT,5,1,6626,468
2,DC,1,0,17,3
2,DC,1,1,5,2
2,DC,2,0,4,2
2,DC,2,1,4,3
2,DC,3,0,105,19
2,DC,3,1,50,2
2,DC,4,0,237,24
2,DC,4,1,187,8
2,DC,5,0,725,115
2,DC,5,1,707,32
2,DE,1,0,16,3
2,DE,1,1,2,0
2,DE,2,0,8,2
2,DE,2,1,2,0
2,DE,3,0,58,7
2,DE,3,1,76,3
2,DE,4,0,160,34
2,DE,4,1,227,4
2,DE,5,0,771,164
2,DE,5,1,1607,89
2,FL,1,0,131,15
2,FL,1,1,45,8
2,FL,2,0,51,9
2,FL,2,1,32,7
2,FL,3,0,1249,201
2,FL,3,1,1529,83
2,FL,4,0,3878,566
2,FL,4,1,5479,181
2,FL,5,0,18010,2973
2,FL,5,1,35107,1723
2,GA,1,0,85,5
2,GA,1,1,30,9
2,GA,2,0,26,4
2,GA,2,1,39,4
2,GA,3,0,753,113
2,GA,3,1,1077,33
2,GA,4,0,2113,352
2,GA,4,1,3423,104
2,GA,5,0,6771,1449
2,GA,5,1,13665,838
2,HI,1,0,9,0
2,HI,1,1,2,1
2,HI,2,0,3,1
2,HI,2,1,3,0
2,HI,3,0,93,17
2,HI,3,1,110,8
2,HI,4,0,284,44
2,HI,4,1,321,9
2,HI,5,0,1309,339
2,HI,5,1,1982,228
2,IA,1,0,12,0
2,IA,1,1,11,3
2,IA,2,0,5,2
2,IA,2,1,10,1
2,IA,3,0,110,23
2,IA,3,1,257,24
2,IA,4,0,438,74
2,IA,4,1,884,38
2,IA,5,0,2757,610
2,IA,5,1,6421,589
2,ID,1,0,3,0
2,ID,1,1,5,0
2,ID,2,0,1,0
2,ID,2,1,5,1
2,ID,3,0,58,11
2,ID,3,1,112,5
2,ID,4,0,218,38
2,ID,4,1,353,14
2,ID,5,0,986,197
2,ID,5,1,2657,230
2,IL,1,0,63,8
2,IL,1,1,25,5
2,IL,2,0,33,6
2,IL,2,1,29,3
2,IL,3,0,621,123
2,IL,3,1,987,52
2,IL,4,0,2182,429
2,IL,4,1,3243,128
2,IL,5,0,10807,2493
2,IL,5,1,18996,1530
2,IN,1,0,53,13
2,IN,1,1,26,11
2,IN,2,0,23,9
2,IN,2,1,15,4
2,IN,3,0,479,99
2,IN,3,1,643,35
2,IN,4,0,1725,277
2,IN,4,1,2044,90
2,IN,5,0,6834,1470
2,IN,5,1,11759,1029
2,KS,1,0,9,0
2,KS,1,1,11,2
2,KS,2,0,2,0
2,KS,2,1,7,0
2,KS,3,0,152,23
2,KS,3,1,224,10
2,KS,4,0,471,85
2,KS,4,1,746,28
2,KS,5,0,2547,622
2,KS,5,1,4900,390
2,KY,1,0,21,2
2,KY,1,1,15,4
2,KY,2,0,8,1
2,KY,2,1,13,4
2,KY,3,0,355,76
2,KY,3,1,535,32
2,KY,4,0,1199,228
2,KY,4,1,1757,61
2,KY,5,0,5337,1330
2,KY,5,1,7506,567
2,LA,1,0,36,11
2,LA,1,1,34,9
2,LA,2,0,10,0
2,LA,2,1,20,3
2,LA,3,0,306,44
2,LA,3,1,603,26
2,LA,4,0,913,125
2,LA,4,1,1792,92
2,LA,5,0,3470,728
2,LA,5,1,6772,400
2,MA,1,0,31,2
2,MA,1,1,2,1
2,MA,2,0,13,2
2,MA,2,1,6,1
2,MA,3,0,345,73
2,MA,3,1,373,23
2,MA,4,0,1097,237
2,MA,4,1,1385,53
2,MA,5,0,6130,1523
2,MA,5,1,11144,1033
2,MD,1,0,18,1
2,MD,1,1,16,4
2,MD,2,0,13,0
2,MD,2,1,12,0
2,MD,3,0,311,73
2,MD,3,1,498,39
2,MD,4,0,1005,237
2,MD,4,1,1473,49
2,MD,5,0,4174,1005
2,MD,5,1,8960,642
2,ME,1,0,4,0
2,ME,1,1,2,0
2,ME,2,0,2,1
2,ME,2,1,0,0
2,ME,3,0,51,11
2,ME,3,1,122,3
2,ME,4,0,247,34
2,ME,4,1,355,12
2,ME,5,0,1336,331
2,ME,5,1,2437,201
2,MI,1,0,45,1
2,MI,1,1,26,8
2,MI,2,0,22,6
2,MI,2,1,25,4
2,MI,3,0,594,103
2,MI,3,1,848,47
2,MI,4,0,2066,371
2,MI,4,1,3077,115
2,MI,5,0,9693,2102
2,MI,5,1,17873,1259
2,MN,1,0,36,6
2,MN,1,1,11,3
2,MN,2,0,11,1
2,MN,2,1,13,3
2,MN,3,0,191,35
2,MN,3,1,311,23
2,MN,4,0,716,116
2,MN,4,1,1058,59
2,MN,5,0,3537,738
2,MN,5,1,8652,838
2,MO,1,0,42,3
2,MO,1,1,26,4
2,MO,2,0,28,6
2,MO,2,1,10,1
2,MO,3,0,397,65
2,MO,3,1,618,27
2,MO,4,0,1290,243
2,MO,4,1,1981,89
2,MO,5,0,5992,1390
2,MO,5,1,11727,877
2,MS,1,0,16,1
2,MS,1,1,15,1
2,MS,2,0,10,2
2,MS,2,1,8,1
2,MS,3,0,322,53
2,MS,3,1,554,6
2,MS,4,0,953,124
2,MS,4,1,1324,26
2,MS,5,0,3720,767
2,MS,5,1,5110,170
2,MT,1,0,3,0
2,MT,1,1,3,0
2,MT,2,0,1,0
2,MT,2,1,4,0
2,MT,3,0,44,7
2,MT,3,1,76,2
2,MT,4,0,154,22
2,MT,4,1,269,10
2,MT,5,0,776,156
2,MT,5,1,1776,167
2,NC,1,0,78,2
2,NC,1,1,28,5
2,NC,2,0,18,6
2,NC,2,1,16,3
2,NC,3,0,672,107
2,NC,3,1,922,38
2,NC,4,0,2121,365
2,NC,4,1,2949,138
2,NC,5,0,8527,2095
2,NC,5,1,15217,1360
2,ND,1,0,5,0
2,ND,1,1,1,1
2,ND,2,0,2,0
2,ND,2,1,0,0
2,ND,3,0,47,10
2,ND,3,1,43,3
2,ND,4,0,174,41
2,ND,4,1,141,7
2,ND,5,0,939,207
2,ND,5,1,1317,126
2,NE,1,0,16,4
2,NE,1,1,10,3
2,NE,2,0,7,0
2,NE,2,1,5,0
2,NE,3,0,96,18
2,NE,3,1,141,13
2,NE,4,0,316,59
2,NE,4,1,465,26
2,NE,5,0,1719,370
2,NE,5,1,3809,317
2,NH,1,0,0,0
2,NH,1,1,1,0
2,NH,2,0,1,0
2,NH,2,1,0,0
2,NH,3,0,44,9
2,NH,3,1,76,0
2,NH,4,0,174,32
2,NH,4,1,315,4
2,NH,5,0,1049,254
2,NH,5,1,2256,199
2,NJ,1,0,44,3
2,NJ,1,1,15,2
2,NJ,2,0,9,4
2,NJ,2,1,14,1
2,NJ,3,0,461,60
2,NJ,3,1,591,41
2,NJ,4,0,1565,236
2,NJ,4,1,1990,59
2,NJ,5,0,8239,1354
2,NJ,5,1,14815,711
2,NM,1,0,6,0
2,NM,1,1,13,4
2,NM,2,0,3,0
2,NM,2,1,2,0
2,NM,3,0,114,25
2,NM,3,1,170,15
2,NM,4,0,305,60
2,NM,4,1,605,44
2,NM,5,0,1256,354
2,NM,5,1,3424,329
2,NV,1,0,22,1
2,NV,1,1,6,2
2,NV,2,0,10,0
2,NV,2,1,8,1
2,NV,3,0,234,54
2,NV,3,1,340,27
2,NV,4,0,658,120
2,NV,4,1,888,35
2,NV,5,0,2197,522
2,NV,5,1,3738,151
2,NY,1,0,128,15
2,NY,1,1,50,13
2,NY,2,0,38,5
2,NY,2,1,49,6
2,NY,3,0,1204,185
2,NY,3,1,1431,74
2,NY,4,0,4397,732
2,NY,4,1,4601,173
2,NY,5,0,22330,4676
2,NY,5,1,31181,1692
2,OH,1,0,86,12
2,OH,1,1,38,9
2,OH,2,0,24,4
2,OH,2,1,31,5
2,OH,3,0,786,156
2,OH,3,1,1130,85
2,OH,4,0,2527,458
2,OH,4,1,4263,193
2,OH,5,0,10933,2303
2,OH,5,1,25940,2265
2,OK,1,0,30,2
2,OK,1,1,14,2
2,OK,2,0,11,0
2,OK,2,1,11,4
2,OK,3,0,301,62
2,OK,3,1,476,18
2,OK,4,0,1100,210
2,OK,4,1,1458,49
2,OK,5,0,4156,1010
2,OK,5,1,7258,455
2,OR,1,0,17,3
2,OR,1,1,4,0
2,OR,2,0,10,2
2,OR,2,1,4,0
2,OR,3,0,137,21
2,OR,3,1,257,16
2,OR,4,0,608,96
2,OR,4,1,1082,40
2,OR,5,0,2657,510
2,OR,5,1,7572,545
2,PA,1,0,72,5
2,PA,1,1,26,5
2,PA,2,0,28,7
2,PA,2,1,12,2
2,PA,3,0,784,117
2,PA,3,1,987,62
2,PA,4,0,2664,399
2,PA,4,1,3636,133
2,PA,5,0,13962,2730
2,PA,5,1,27427,1904
2,RI,1,0,5,0
2,RI,1,1,2,0
2,RI,2,0,2,0
2,RI,2,1,2,1
2,RI,3,0,53,13
2,RI,3,1,81,8
2,RI,4,0,181,45
2,RI,4,1,311,17
2,RI,5,0,999,230
2,RI,5,1,2373,246
2,SC,1,0,34,2
2,SC,1,1,17,0
2,SC,2,0,11,4
2,SC,2,1,17,2
2,SC,3,0,344,61
2,SC,3,1,595,23
2,SC,4,0,1126,163
2,SC,4,1,1747,75
2,SC,5,0,4018,832
2,SC,5,1,7587,558
2,SD,1,0,5,0
2,SD,1,1,5,2
2,SD,2,0,2,0
2,SD,2,1,3,0
2,SD,3,0,35,7
2,SD,3,1,84,11
2,SD,4,0,142,29
2,SD,4,1,244,19
2,SD,5,0,817,204
2,SD,5,1,1638,212
2,TN,1,0,55,5
2,TN,1,1,20,6
2,TN,2,0,26,4
2,TN,2,1,13,2
2,TN,3,0,615,114
2,TN,3,1,808,54
2,TN,4,0,2001,389
2,TN,4,1,2587,91
2,TN,5,0,7532,1821
2,TN,5,1,11531,927
2,TX,1,0,214,28
2,TX,1,1,51,16
2,TX,2,0,91,18
2,TX,2,1,58,3
2,TX,3,0,1881,336
2,TX,3,1,2058,101
2,TX,4,0,5643,913
2,TX,4,1,6532,284
2,TX,5,0,19596,4284
2,TX,5,1,31791,2041
2,UT,1,0,27,3
2,UT,1,1,5,3
2,UT,2,0,9,2
2,UT,2,1,10,1
2,UT,3,0,113,17
2,UT,3,1,163,22
2,UT,4,0,266,50
2,UT,4,1,479,29
2,UT,5,0,1225,282
2,UT,5,1,3197,331
2,VA,1,0,46,4
2,VA,1,1,25,9
2,VA,2,0,19,4
2,VA,2,1,21,1
2,VA,3,0,424,55
2,VA,3,1,605,22
2,VA,4,0,1412,231
2,VA,4,1,1790,49
2,VA,5,0,6815,1430
2,VA,5,1,10401,732
2,VT,1,0,2,0
2,VT,1,1,3,0
2,VT,2,1,2,0
2,VT,3,0,30,6
2,VT,3,1,43,2
2,VT,4,0,95,24
2,VT,4,1,156,6
2,VT,5,0,519,140
2,VT,5,1,1348,156
2,WA,1,0,36,7
2,WA,1,1,15,6
2,WA,2,0,17,2
2,WA,2,1,13,4
2,WA,3,0,352,61
2,WA,3,1,461,50
2,WA,4,0,1228,220
2,WA,4,1,1579,77
2,WA,5,0,5085,1134
2,WA,5,1,10672,978
2,WI,1,0,20,2
2,WI,1,1,15,3
2,WI,2,0,8,1
2,WI,2,1,9,3
2,WI,3,0,220,31
2,WI,3,1,386,31
2,WI,4,0,697,114
2,WI,4,1,1421,70
2,WI,5,0,3786,809
2,WI,5,1,10994,1012
2,WV,1,0,12,1
2,WV,1,1,8,2
2,WV,2,0,2,0
2,WV,2,1,6,1
2,WV,3,0,140,30
2,WV,3,1,269,24
2,WV,4,0,575,100
2,WV,4,1,796,38
2,WV,5,0,2516,596
2,WV,5,1,4118,306
2,WY,1,0,0,0
2,WY,1,1,5,2
2,WY,2,0,0,0
2,WY,2,1,1,0
2,WY,3,0,23,6
2,WY,3,1,60,5
2,WY,4,0,74,16
2,WY,4,1,154,6
2,WY,5,0,356,87
2,WY,5,1,806,80
3,AK,1,0,3,0
3,AK,1,1,3,2
3,AK,2,0,2,1
3,AK,2,1,0,0
3,AK,3,0,42,4
3,AK,3,1,85,1
3,AK,4,0,125,15
3,AK,4,1,210,10
3,AK,5,0,331,71
3,AK,5,1,553,34
3,AL,1,0,32,2
3,AL,1,1,13,2
3,AL,2,0,18,7
3,AL,2,1,15,3
3,AL,3,0,466,72
3,AL,3,1,709,20
3,AL,4,0,1600,301
3,AL,4,1,2007,44
3,AL,5,0,5700,1281
3,AL,5,1,8965,421
3,AR,1,0,26,3
3,AR,1,1,11,1
3,AR,2,0,7,5
3,AR,2,1,10,0
3,AR,3,0,245,49
3,AR,3,1,455,34
3,AR,4,0,772,151
3,AR,4,1,1380,47
3,AR,5,0,3537,923
3,AR,5,1,6373,445
3,AZ,1,0,44,4
3,AZ,1,1,23,11
3,AZ,2,0,15,4
3,AZ,2,1,16,5
3,AZ,3,0,385,86
3,AZ,3,1,548,48
3,AZ,4,0,1092,221
3,AZ,4,1,1893,118
3,AZ,5,0,4076,887
3,AZ,5,1,11851,918
3,CA,1,0,206,22
3,CA,1,1,98,28
3,CA,2,0,125,24
3,CA,2,1,83,8
3,CA,3,0,2492,465
3,CA,3,1,2907,191
3,CA,4,0,7392,1464
3,CA,4,1,9491,420
3,CA,5,0,30362,8157
3,CA,5,1,60760,4369
3,CO,1,0,31,2
3,CO,1,1,18,7
3,CO,2,0,19,4
3,CO,2,1,6,1
3,CO,3,0,247,34
3,CO,3,1,435,25
3,CO,4,0,694,137
3,CO,4,1,1319,73
3,CO,5,0,2413,504
3,CO,5,1,7493,596
3,CT,1,0,10,0
3,CT,1,1,5,1
3,CT,2,0,5,1
3,CT,2,1,7,1
3,CT,3,0,152,21
3,CT,3,1,229,7
3,CT,4,0,681,108
3,CT,4,1,827,12
3,CT,5,0,4279,887
3,CT,5,1,7072,541
3,DC,1,0,19,1
3,DC,1,1,1,0
3,DC,2,0,12,5
3,DC,2,1,4,3
3,DC,3,0,88,17
3,DC,3,1,58,2
3,DC,4,0,277,35
3,DC,4,1,213,3
3,DC,5,0,772,123
3,DC,5,1,740,31
3,DE,1,0,12,2
3,DE,1,1,5,1
3,DE,2,0,4,0
3,DE,2,1,0,0
3,DE,3,0,60,7
3,DE,3,1,84,3
3,DE,4,0,172,31
3,DE,4,1,284,10
3,DE,5,0,686,156
3,DE,5,1,1790,125
3,FL,1,0,133,13
3,FL,1,1,60,11
3,FL,2,0,61,13
3,FL,2,1,41,3
3,FL,3,0,1250,194
3,FL,3,1,1555,86
3,FL,4,0,4182,647
3,FL,4,1,5953,248
3,FL,5,0,18886,3276
3,FL,5,1,38851,2143
3,GA,1,0,82,10
3,GA,1,1,37,11
3,GA,2,0,28,4
3,GA,2,1,35,8
3,GA,3,0,860,124
3,GA,3,1,1114,49
3,GA,4,0,2452,402
3,GA,4,1,3651,141
3,GA,5,0,7641,1584
3,GA,5,1,15191,1036
3,HI,1,0,9,3
3,HI,1,1,6,1
3,HI,2,0,3,1
3,HI,2,1,4,1
3,HI,3,0,78,10
3,HI,3,1,109,4
3,HI,4,0,282,42
3,HI,4,1,339,27
3,HI,5,0,1258,312
3,HI,5,1,2067,257
3,IA,1,0,8,1
3,IA,1,1,9,3
3,IA,2,0,6,1
3,IA,2,1,6,1
3,IA,3,0,117,21
3,IA,3,1,226,16
3,IA,4,0,489,105
3,IA,4,1,909,31
3,IA,5,0,3009,725
3,IA,5,1,7089,787
3,ID,1,0,8,3
3,ID,1,1,5,0
3,ID,2,0,1,0
3,ID,2,1,8,3
3,ID,3,0,59,8
3,ID,3,1,111,8
3,ID,4,0,213,33
3,ID,4,1,409,21
3,ID,5,0,980,217
3,ID,5,1,2679,254
3,IL,1,0,81,8
3,IL,1,1,23,7
3,IL,2,0,25,6
3,IL,2,1,32,6
3,IL,3,0,635,98
3,IL,3,1,939,53
3,IL,4,0,2272,399
3,IL,4,1,3337,131
3,IL,5,0,11257,2716
3,IL,5,1,20256,1682
3,IN,1,0,46,5
3,IN,1,1,18,4
3,IN,2,0,20,3
3,IN,2,1,13,2
3,IN,3,0,507,91
3,IN,3,1,685,47
3,IN,4,0,1738,328
3,IN,4,1,2179,103
3,IN,5,0,7348,1671
3,IN,5,1,12960,1217
3,KS,1,0,10,3
3,KS,1,1,11,3
3,KS,2,0,6,2
3,KS,2,1,8,0
3,KS,3,0,136,28
3,KS,3,1,234,12
3,KS,4,0,477,87
3,KS,4,1,811,27
3,KS,5,0,2505,643
3,KS,5,1,5309,471
3,KY,1,0,29,1
3,KY,1,1,11,3
3,KY,2,0,10,4
3,KY,2,1,9,4
3,KY,3,0,384,76
3,KY,3,1,586,37
3,KY,4,0,1309,277
3,KY,4,1,1743,66
3,KY,5,0,5450,1409
3,KY,5,1,7998,598
3,LA,1,0,37,4
3,LA,1,1,34,18
3,LA,2,0,9,2
3,LA,2,1,15,3
3,LA,3,0,401,62
3,LA,3,1,591,42
3,LA,4,0,1246,203
3,LA,4,1,1856,60
3,LA,5,0,4578,1046
3,LA,5,1,7192,282
3,MA,1,0,37,1
3,MA,1,1,7,2
3,MA,2,0,16,6
3,MA,2,1,10,0
3,MA,3,0,329,77
3,MA,3,1,434,30
3,MA,4,0,1129,241
3,MA,4,1,1411,61
3,MA,5,0,6594,1788
3,MA,5,1,12117,1324
3,MD,1,0,23,1
3,MD,1,1,16,5
3,MD,2,0,11,5
3,MD,2,1,14,3
3,MD,3,0,307,83
3,MD,3,1,515,30
3,MD,4,0,1017,257
3,MD,4,1,1561,56
3,MD,5,0,4510,1305
3,MD,5,1,9604,690
3,ME,1,0,7,1
3,ME,1,1,6,0
3,ME,2,0,4,1
3,ME,2,1,6,2
3,ME,3,0,68,8
3,ME,3,1,117,7
3,ME,4,0,238,43
3,ME,4,1,388,14
3,ME,5,0,1488,326
3,ME,5,1,2746,292
3,MI,1,0,60,2
3,MI,1,1,23,6
3,MI,2,0,19,7
3,MI,2,1,20,3
3,MI,3,0,538,101
3,MI,3,1,873,52
3,MI,4,0,2187,417
3,MI,4,1,3334,120
3,MI,5,0,10157,2239
3,MI,5,1,19469,1327
3,MN,1,0,17,1
3,MN,1,1,15,8
3,MN,2,0,12,3
3,MN,2,1,9,1
3,MN,3,0,190,32
3,MN,3,1,304,19
3,MN,4,0,708,123
3,MN,4,1,1071,63
3,MN,5,0,3789,788
3,MN,5,1,9498,1010
3,MO,1,0,61,6
3,MO,1,1,14,1
3,MO,2,0,29,8
3,MO,2,1,18,0
3,MO,3,0,425,80
3,MO,3,1,661,32
3,MO,4,0,1497,272
3,MO,4,1,2193,74
3,MO,5,0,6170,1426
3,MO,5,1,12632,998
3,MS,1,0,21,1
3,MS,1,1,24,5
3,MS,2,0,8,1
3,MS,2,1,14,0
3,MS,3,0,313,45
3,MS,3,1,566,14
3,MS,4,0,1022,169
3,MS,4,1,1488,19
3,MS,5,0,4099,956
3,MS,5,1,5633,233
3,MT,1,0,4,2
3,MT,1,1,6,5
3,MT,2,0,2,0
3,MT,2,1,2,0
3,MT,3,0,59,2
3,MT,3,1,80,6
3,MT,4,0,167,28
3,MT,4,1,300,9
3,MT,5,0,919,212
3,MT,5,1,1952,186
3,NC,1,0,51,4
3,NC,1,1,29,5
3,NC,2,0,22,4
3,NC,2,1,27,2
3,NC,3,0,688,145
3,NC,3,1,931,64
3,NC,4,0,2320,487
3,NC,4,1,3203,154
3,NC,5,0,9191,2389
3,NC,5,1,17500,1902
3,ND,1,0,3,1
3,ND,1,1,4,1
3,ND,2,0,0,0
3,ND,2,1,2,0
3,ND,3,0,63,18
3,ND,3,1,42,3
3,ND,4,0,182,35
3,ND,4,1,185,12
3,ND,5,0,1009,230
3,ND,5,1,1438,147
3,NE,1,0,11,2
3,NE,1,1,8,2
3,NE,2,0,7,1
3,NE,2,1,7,3
3,NE,3,0,89,19
3,NE,3,1,126,5
3,NE,4,0,331,57
3,NE,4,1,483,24
3,NE,5,0,1875,439
3,NE,5,1,4078,342
3,NH,1,0,4,1
3,NH,1,1,9,6
3,NH,2,0,0,0
3,NH,2,1,3,0
3,NH,3,0,38,9
3,NH,3,1,62,4
3,NH,4,0,181,30
3,NH,4,1,329,18
3,NH,5,0,1089,238
3,NH,5,1,2486,262
3,NJ,1,0,40,5
3,NJ,1,1,15,3
3,NJ,2,0,14,4
3,NJ,2,1,16,3
3,NJ,3,0,504,98
3,NJ,3,1,614,28
3,NJ,4,0,1594,260
3,NJ,4,1,2105,85
3,NJ,5,0,9184,1789
3,NJ,5,1,16369,915
3,NM,1,0,6,2
3,NM,1,1,8,5
3,NM,2,0,2,1
3,NM,2,1,2,1
3,NM,3,0,100,23
3,NM,3,1,180,27
3,NM,4,0,319,58
3,NM,4,1,632,41
3,NM,5,0,1288,345
3,NM,5,1,3437,325
3,NV,1,0,17,3
3,NV,1,1,11,4
3,NV,2,0,7,2
3,NV,2,1,7,3
3,NV,3,0,214,49
3,NV,3,1,312,18
3,NV,4,0,663,147
3,NV,4,1,1098,29
3,NV,5,0,2289,544
3,NV,5,1,4309,166
3,NY,1,0,116,12
3,NY,1,1,49,11
3,NY,2,0,59,18
3,NY,2,1,38,9
3,NY,3,0,1333,242
3,NY,3,1,1413,85
3,NY,4,0,4540,790
3,NY,4,1,5037,163
3,NY,5,0,24018,5667
3,NY,5,1,33916,1996
3,OH,1,0,78,9
3,OH,1,1,56,20
3,OH,2,0,39,9
3,OH,2,1,30,4
3,OH,3,0,758,138
3,OH,3,1,1193,79
3,OH,4,0,2735,481
3,OH,4,1,4433,211
3,OH,5,0,11248,2383
3,OH,5,1,27420,2509
3,OK,1,0,18,4
3,OK,1,1,14,4
3,OK,2,0,11,2
3,OK,2,1,11,1
3,OK,3,0,293,49
3,OK,3,1,418,26
3,OK,4,0,1218,235
3,OK,4,1,1420,48
3,OK,5,0,4506,1114
3,OK,5,1,7547,500
3,OR,1,0,20,3
3,OR,1,1,9,0
3,OR,2,0,5,0
3,OR,2,1,7,1
3,OR,3,0,193,25
3,OR,3,1,242,15
3,OR,4,0,608,103
3,OR,4,1,1067,40
3,OR,5,0,2810,545
3,OR,5,1,7868,575
3,PA,1,0,61,4
3,PA,1,1,28,11
3,PA,2,0,36,5
3,PA,2,1,29,5
3,PA,3,0,808,146
3,PA,3,1,1085,63
3,PA,4,0,2843,481
3,PA,4,1,3942,175
3,PA,5,0,14671,3119
3,PA,5,1,30127,2314
3,RI,1,0,8,0
3,RI,1,1,2,0
3,RI,2,0,7,2
3,RI,2,1,1,0
3,RI,3,0,55,12
3,RI,3,1,93,3
3,RI,4,0,186,32
3,RI,4,1,315,19
3,RI,5,0,962,233
3,RI,5,1,2609,293
3,SC,1,0,32,3
3,SC,1,1,15,1
3,SC,2,0,10,2
3,SC,2,1,15,3
3,SC,3,0,371,70
3,SC,3,1,604,25
3,SC,4,0,1270,217
3,SC,4,1,1891,77
3,SC,5,0,4364,1020
3,SC,5,1,8801,629
3,SD,1,0,8,2
3,SD,1,1,3,1
3,SD,2,0,6,5
3,SD,2,1,2,0
3,SD,3,0,40,6
3,SD,3,1,59,9
3,SD,4,0,134,25
3,SD,4,1,232,16
3,SD,5,0,893,227
3,SD,5,1,1721,206
3,TN,1,0,46,4
3,TN,1,1,27,7
3,TN,2,0,34,9
3,TN,2,1,19,2
3,TN,3,0,673,138
3,TN,3,1,845,38
3,TN,4,0,2159,463
3,TN,4,1,2728,108
3,TN,5,0,7943,2077
3,TN,5,1,12334,1044
3,TX,1,0,229,27
3,TX,1,1,76,22
3,TX,2,0,90,22
3,TX,2,1,63,12
3,TX,3,0,1896,316
3,TX,3,1,2013,120
3,TX,4,0,5840,1052
3,TX,4,1,6974,333
3,TX,5,0,21075,5077
3,TX,5,1,35012,2476
3,UT,1,0,19,3
3,UT,1,1,6,1
3,UT,2,0,11,4
3,UT,2,1,9,2
3,UT,3,0,136,21
3,UT,3,1,171,20
3,UT,4,0,269,52
3,UT,4,1,489,41
3,UT,5,0,1322,323
3,UT,5,1,3503,379
3,VA,1,0,41,3
3,VA,1,1,20,4
3,VA,2,0,23,1
3,VA,2,1,17,3
3,VA,3,0,414,70
3,VA,3,1,582,29
3,VA,4,0,1566,291
3,VA,4,1,1910,66
3,VA,5,0,7221,1592
3,VA,5,1,11433,912
3,VT,1,0,0,0
3,VT,1,1,1,1
3,VT,2,0,1,0
3,VT,2,1,0,0
3,VT,3,0,23,6
3,VT,3,1,35,3
3,VT,4,0,108,32
3,VT,4,1,149,6
3,VT,5,0,578,147
3,VT,5,1,1381,157
3,WA,1,0,35,5
3,WA,1,1,16,6
3,WA,2,0,22,4
3,WA,2,1,11,1
3,WA,3,0,401,70
3,WA,3,1,434,43
3,WA,4,0,1277,246
3,WA,4,1,1706,108
3,WA,5,0,5140,1158
3,WA,5,1,11422,1162
3,WI,1,0,21,1
3,WI,1,1,9,3
3,WI,2,0,11,2
3,WI,2,1,7,2
3,WI,3,0,229,40
3,WI,3,1,382,31
3,WI,4,0,771,134
3,WI,4,1,1504,79
3,WI,5,0,4058,892
3,WI,5,1,11744,1217
3,WV,1,0,9,0
3,WV,1,1,3,0
3,WV,2,0,3,0
3,WV,2,1,12,4
3,WV,3,0,145,28
3,WV,3,1,268,21
3,WV,4,0,561,120
3,WV,4,1,799,39
3,WV,5,0,2651,692
3,WV,5,1,4337,386
3,WY,1,0,1,0
3,WY,1,1,3,2
3,WY,2,1,2,1
3,WY,3,0,12,2
3,WY,3,1,77,5
3,WY,4,0,64,14
3,WY,4,1,182,6
3,WY,5,0,381,90
3,WY,5,1,861,85
4,AK,1,0,4,1
4,AK,1,1,2,1
4,AK,2,0,0,0
4,AK,2,1,2,0
4,AK,3,0,40,8
4,AK,3,1,68,2
4,AK,4,0,97,21
4,AK,4,1,203,5
4,AK,5,0,311,69
4,AK,5,1,542,32
4,AL,1,0,42,4
4,AL,1,1,7,0
4,AL,2,0,19,3
4,AL,2,1,21,4
4,AL,3,0,525,130
4,AL,3,1,708,24
4,AL,4,0,1606,339
4,AL,4,1,1998,46
4,AL,5,0,5306,1163
4,AL,5,1,8663,345
4,AR,1,0,19,3
4,AR,1,1,16,7
4,AR,2,0,13,2
4,AR,2,1,12,0
4,AR,3,0,240,45
4,AR,3,1,506,44
4,AR,4,0,874,186
4,AR,4,1,1383,74
4,AR,5,0,3195,778
4,AR,5,1,6059,349
4,AZ,1,0,37,3
4,AZ,1,1,23,2
4,AZ,2,0,19,2
4,AZ,2,1,19,0
4,AZ,3,0,412,115
4,AZ,3,1,513,51
4,AZ,4,0,1076,236
4,AZ,4,1,1828,98
4,AZ,5,0,3822,862
4,AZ,5,1,11531,783
4,CA,1,0,207,25
4,CA,1,1,82,18
4,CA,2,0,113,22
4,CA,2,1,98,13
4,CA,3,0,2556,574
4,CA,3,1,3022,208
4,CA,4,0,7363,1552
4,CA,4,1,9759,466
4,CA,5,0,28215,7187
4,CA,5,1,58659,3678
4,CO,1,0,34,6
4,CO,1,1,10,2
4,CO,2,0,18,4
4,CO,2,1,6,2
4,CO,3,0,253,62
4,CO,3,1,428,44
4,CO,4,0,682,125
4,CO,4,1,1316,80
4,CO,5,0,2382,509
4,CO,5,1,7771,689
4,CT,1,0,10,0
4,CT,1,1,5,0
4,CT,2,0,7,1
4,CT,2,1,7,0
4,CT,3,0,176,26
4,CT,3,1,235,8
4,CT,4,0,715,112
4,CT,4,1,872,18
4,CT,5,0,4005,771
4,CT,5,1,6821,477
4,DC,1,0,22,3
4,DC,1,1,4,0
4,DC,2,0,5,1
4,DC,2,1,1,0
4,DC,3,0,80,10
4,DC,3,1,63,1
4,DC,4,0,255,35
4,DC,4,1,181,6
4,DC,5,0,658,95
4,DC,5,1,724,25
4,DE,1,0,11,3
4,DE,1,1,4,0
4,DE,2,0,6,0
4,DE,2,1,1,0
4,DE,3,0,49,5
4,DE,3,1,83,7
4,DE,4,0,160,24
4,DE,4,1,304,18
4,DE,5,0,611,150
4,DE,5,1,1755,119
4,FL,1,0,127,19
4,FL,1,1,53,16
4,FL,2,0,53,6
4,FL,2,1,29,1
4,FL,3,0,1336,272
4,FL,3,1,1529,103
4,FL,4,0,4355,774
4,FL,4,1,6068,245
4,FL,5,0,18120,3017
4,FL,5,1,38333,2022
4,GA,1,0,87,6
4,GA,1,1,40,8
4,GA,2,0,28,5
4,GA,2,1,26,0
4,GA,3,0,825,153
4,GA,3,1,1125,66
4,GA,4,0,2411,446
4,GA,4,1,3868,143
4,GA,5,0,6867,1369
4,GA,5,1,14873,787
4,HI,1,0,11,1
4,HI,1,1,7,0
4,HI,2,0,3,2
4,HI,2,1,6,1
4,HI,3,0,87,9
4,HI,3,1,105,8
4,HI,4,0,305,54
4,HI,4,1,371,25
4,HI,5,0,1209,309
4,HI,5,1,2119,264
4,IA,1,0,7,1
4,IA,1,1,12,3
4,IA,2,0,9,1
4,IA,2,1,6,0
4,IA,3,0,135,28
4,IA,3,1,250,29
4,IA,4,0,484,86
4,IA,4,1,963,46
4,IA,5,0,2655,569
4,IA,5,1,6893,611
4,ID,1,0,3,2
4,ID,1,1,7,1
4,ID,2,0,0,0
4,ID,2,1,1,0
4,ID,3,0,81,16
4,ID,3,1,136,6
4,ID,4,0,229,52
4,ID,4,1,425,23
4,ID,5,0,977,235
4,ID,5,1,2764,178
4,IL,1,0,55,5
4,IL,1,1,18,6
4,IL,2,0,22,3
4,IL,2,1,30,3
4,IL,3,0,626,104
4,IL,3,1,967,60
4,IL,4,0,2245,446
4,IL,4,1,3492,106
4,IL,5,0,10209,2326
4,IL,5,1,20065,1436
4,IN,1,0,37,5
4,IN,1,1,15,4
4,IN,2,0,25,2
4,IN,2,1,22,4
4,IN,3,0,569,125
4,IN,3,1,665,47
4,IN,4,0,1780,322
4,IN,4,1,2268,112
4,IN,5,0,6745,1439
4,IN,5,1,12453,893
4,KS,1,0,12,2
4,KS,1,1,10,1
4,KS,2,0,5,1
4,KS,2,1,17,6
4,KS,3,0,145,32
4,KS,3,1,251,16
4,KS,4,0,530,129
4,KS,4,1,842,39
4,KS,5,0,2359,589
4,KS,5,1,5310,435
4,KY,1,0,22,2
4,KY,1,1,18,3
4,KY,2,0,9,1
4,KY,2,1,9,0
4,KY,3,0,389,91
4,KY,3,1,547,39
4,KY,4,0,1319,317
4,KY,4,1,1862,65
4,KY,5,0,4900,1169
4,KY,5,1,7762,564
4,LA,1,0,39,11
4,LA,1,1,24,9
4,LA,2,0,8,4
4,LA,2,1,9,2
4,LA,3,0,448,88
4,LA,3,1,636,47
4,LA,4,0,1361,255
4,LA,4,1,2008,71
4,LA,5,0,4356,982
4,LA,5,1,7216,247
4,MA,1,0,23,3
4,MA,1,1,8,2
4,MA,2,0,15,4
4,MA,2,1,10,1
4,MA,3,0,343,84
4,MA,3,1,395,18
4,MA,4,0,1193,271
4,MA,4,1,1397,54
4,MA,5,0,6097,1491
4,MA,5,1,11789,1038
4,MD,1,0,28,2
4,MD,1,1,14,3
4,MD,2,0,6,2
4,MD,2,1,9,3
4,MD,3,0,273,68
4,MD,3,1,483,21
4,MD,4,0,979,254
4,MD,4,1,1648,56
4,MD,5,0,4123,1034
4,MD,5,1,9259,574
4,ME,1,0,3,1
4,ME,1,1,4,0
4,ME,2,0,1,0
4,ME,2,1,4,0
4,ME,3,0,63,11
4,ME,3,1,94,2
4,ME,4,0,227,55
4,ME,4,1,398,21
4,ME,5,0,1275,273
4,ME,5,1,2605,223
4,MI,1,0,56,9
4,MI,1,1,33,10
4,MI,2,0,16,3
4,MI,2,1,27,4
4,MI,3,0,549,127
4,MI,3,1,879,67
4,MI,4,0,2124,423
4,MI,4,1,3406,113
4,MI,5,0,9649,2073
4,MI,5,1,19206,1107
4,MN,1,0,41,2
4,MN,1,1,18,7
4,MN,2,0,17,2
4,MN,2,1,10,0
4,MN,3,0,208,40
4,MN,3,1,358,23
4,MN,4,0,745,125
4,MN,4,1,1154,63
4,MN,5,0,3407,615
4,MN,5,1,9297,723
4,MO,1,0,55,6
4,MO,1,1,20,4
4,MO,2,0,18,7
4,MO,2,1,13,4
4,MO,3,0,414,71
4,MO,3,1,607,43
4,MO,4,0,1466,303
4,MO,4,1,2396,86
4,MO,5,0,5702,1264
4,MO,5,1,12078,848
4,MS,1,0,36,2
4,MS,1,1,24,2
4,MS,2,0,8,1
4,MS,2,1,19,0
4,MS,3,0,361,79
4,MS,3,1,558,21
4,MS,4,0,1061,248
4,MS,4,1,1633,46
4,MS,5,0,3641,784
4,MS,5,1,5525,224
4,MT,1,0,2,0
4,MT,1,1,3,2
4,MT,2,0,2,1
4,MT,2,1,0,0
4,MT,3,0,47,5
4,MT,3,1,81,7
4,MT,4,0,209,38
4,MT,4,1,322,22
4,MT,5,0,842,180
4,MT,5,1,1971,158
4,NC,1,0,65,7
4,NC,1,1,31,6
4,NC,2,0,32,3
4,NC,2,1,25,3
4,NC,3,0,755,157
4,NC,3,1,932,70
4,NC,4,0,2228,457
4,NC,4,1,3246,133
4,NC,5,0,8346,2125
4,NC,5,1,16731,1450
4,ND,1,0,5,1
4,ND,1,1,0,0
4,ND,2,0,2,0
4,ND,2,1,1,0
4,ND,3,0,51,12
4,ND,3,1,70,6
4,ND,4,0,197,44
4,ND,4,1,185,10
4,ND,5,0,965,221
4,ND,5,1,1352,109
4,NE,1,0,14,1
4,NE,1,1,6,0
4,NE,2,0,4,0
4,NE,2,1,7,0
4,NE,3,0,100,15
4,NE,3,1,141,10
4,NE,4,0,370,76
4,NE,4,1,497,26
4,NE,5,0,1722,367
4,NE,5,1,3929,312
4,NH,1,0,3,0
4,NH,1,1,6,1
4,NH,2,0,1,0
4,NH,2,1,3,0
4,NH,3,0,49,4
4,NH,3,1,74,7
4,NH,4,0,200,48
4,NH,4,1,332,10
4,NH,5,0,1025,192
4,NH,5,1,2477,187
4,NJ,1,0,24,5
4,NJ,1,1,16,5
4,NJ,2,0,6,1
4,NJ,2,1,20,2
4,NJ,3,0,499,81
4,NJ,3,1,627,41
4,NJ,4,0,1663,269
4,NJ,4,1,2195,75
4,NJ,5,0,8517,1517
4,NJ,5,1,15667,753
4,NM,1,0,8,4
4,NM,1,1,3,0
4,NM,2,0,4,2
4,NM,2,1,4,1
4,NM,3,0,140,39
4,NM,3,1,178,22
4,NM,4,0,357,92
4,NM,4,1,648,53
4,NM,5,0,1259,331
4,NM,5,1,3499,282
4,NV,1,0,18,3
4,NV,1,1,5,2
4,NV,2,0,7,1
4,NV,2,1,3,0
4,NV,3,0,277,66
4,NV,3,1,283,20
4,NV,4,0,814,167
4,NV,4,1,981,39
4,NV,5,0,2288,571
4,NV,5,1,3897,161
4,NY,1,0,102,13
4,NY,1,1,51,12
4,NY,2,0,55,11
4,NY,2,1,37,8
4,NY,3,0,1290,246
4,NY,3,1,1497,72
4,NY,4,0,4384,808
4,NY,4,1,4986,190
4,NY,5,0,21887,4813
4,NY,5,1,32250,1768
4,OH,1,0,66,6
4,OH,1,1,36,3
4,OH,2,0,25,4
4,OH,2,1,22,0
4,OH,3,0,761,139
4,OH,3,1,1185,72
4,OH,4,0,2639,506
4,OH,4,1,4597,210
4,OH,5,0,10164,2050
4,OH,5,1,25876,1994
4,OK,1,0,21,6
4,OK,1,1,16,2
4,OK,2,0,12,1
4,OK,2,1,9,2
4,OK,3,0,343,85
4,OK,3,1,427,39
4,OK,4,0,1222,274
4,OK,4,1,1689,69
4,OK,5,0,4325,1013
4,OK,5,1,7526,387
4,OR,1,0,12,1
4,OR,1,1,2,2
4,OR,2,0,6,3
4,OR,2,1,7,1
4,OR,3,0,169,28
4,OR,3,1,239,12
4,OR,4,0,656,126
4,OR,4,1,1085,48
4,OR,5,0,2719,552
4,OR,5,1,7679,514
4,PA,1,0,85,7
4,PA,1,1,33,10
4,PA,2,0,27,3
4,PA,2,1,24,3
4,PA,3,0,782,139
4,PA,3,1,1037,61
4,PA,4,0,2840,502
4,PA,4,1,4039,172
4,PA,5,0,12953,2489
4,PA,5,1,28273,1837
4,RI,1,0,5,1
4,RI,1,1,4,1
4,RI,2,0,2,0
4,RI,2,1,1,0
4,RI,3,0,65,7
4,RI,3,1,77,6
4,RI,4,0,173,43
4,RI,4,1,338,19
4,RI,5,0,988,255
4,RI,5,1,2489,239
4,SC,1,0,29,2
4,SC,1,1,16,4
4,SC,2,0,8,2
4,SC,2,1,15,0
4,SC,3,0,423,76
4,SC,3,1,628,44
4,SC,4,0,1270,250
4,SC,4,1,1990,98
4,SC,5,0,4239,917
4,SC,5,1,8765,621
4,SD,1,0,2,1
4,SD,1,1,4,3
4,SD,2,0,4,3
4,SD,2,1,2,2
4,SD,3,0,42,7
4,SD,3,1,72,8
4,SD,4,0,167,32
4,SD,4,1,228,11
4,SD,5,0,836,184
4,SD,5,1,1617,192
4,TN,1,0,49,6
4,TN,1,1,18,4
4,TN,2,0,34,7
4,TN,2,1,22,6
4,TN,3,0,717,199
4,TN,3,1,849,63
4,TN,4,0,2152,503
4,TN,4,1,2879,107
4,TN,5,0,7336,1845
4,TN,5,1,12321,913
4,TX,1,0,226,33
4,TX,1,1,75,22
4,TX,2,0,81,22
4,TX,2,1,60,3
4,TX,3,0,2155,539
4,TX,3,1,2212,172
4,TX,4,0,6423,1378
4,TX,4,1,7661,421
4,TX,5,0,20672,4807
4,TX,5,1,35733,2192
4,UT,1,0,29,4
4,UT,1,1,2,1
4,UT,2,0,9,0
4,UT,2,1,13,3
4,UT,3,0,142,31
4,UT,3,1,196,19
4,UT,4,0,347,55
4,UT,4,1,544,48
4,UT,5,0,1264,302
4,UT,5,1,3577,324
4,VA,1,0,39,5
4,VA,1,1,16,4
4,VA,2,0,18,5
4,VA,2,1,9,1
4,VA,3,0,442,95
4,VA,3,1,592,29
4,VA,4,0,1611,287
4,VA,4,1,2017,58
4,VA,5,0,6672,1361
4,VA,5,1,11086,706
4,VT,1,0,0,0
4,VT,1,1,4,0
4,VT,2,0,1,0
4,VT,2,1,0,0
4,VT,3,0,29,9
4,VT,3,1,50,4
4,VT,4,0,99,17
4,VT,4,1,175,6
4,VT,5,0,555,144
4,VT,5,1,1356,154
4,WA,1,0,33,1
4,WA,1,1,15,6
4,WA,2,0,12,1
4,WA,2,1,8,1
4,WA,3,0,394,90
4,WA,3,1,399,33
4,WA,4,0,1312,240
4,WA,4,1,1830,89
4,WA,5,0,5081,1042
4,WA,5,1,11166,901
4,WI,1,0,26,4
4,WI,1,1,12,3
4,WI,2,0,10,1
4,WI,2,1,7,0
4,WI,3,0,252,63
4,WI,3,1,417,34
4,WI,4,0,829,170
4,WI,4,1,1471,62
4,WI,5,0,4301,865
4,WI,5,1,10962,906
4,WV,1,0,9,1
4,WV,1,1,1,0
4,WV,2,0,5,1
4,WV,2,1,7,1
4,WV,3,0,142,35
4,WV,3,1,287,19
4,WV,4,0,640,161
4,WV,4,1,872,41
4,WV,5,0,2352,562
4,WV,5,1,4213,333
4,WY,1,0,0,0
4,WY,1,1,3,0
4,WY,2,1,0,0
4,WY,3,0,16,4
4,WY,3,1,72,6
4,WY,4,0,74,15
4,WY,4,1,175,8
4,WY,5,0,359,84
4,WY,5,1,862,71
5,AK,1,0,2,0
5,AK,1,1,8,2
5,AK,2,0,4,3
5,AK,2,1,0,0
5,AK,3,0,51,8
5,AK,3,1,85,4
5,AK,4,0,108,14
5,AK,4,1,193,3
5,AK,5,0,353,91
5,AK,5,1,534,33
5,AL,1,0,50,3
5,AL,1,1,18,3
5,AL,2,0,13,5
5,AL,2,1,17,1
5,AL,3,0,454,72
5,AL,3,1,727,21
5,AL,4,0,1520,276
5,AL,4,1,2093,52
5,AL,5,0,5801,1371
5,AL,5,1,9205,391
5,AR,1,0,23,6
5,AR,1,1,8,3
5,AR,2,0,13,3
5,AR,2,1,7,1
5,AR,3,0,247,39
5,AR,3,1,466,32
5,AR,4,0,791,158
5,AR,4,1,1542,49
5,AR,5,0,3201,773
5,AR,5,1,6718,421
5,AZ,1,0,39,6
5,AZ,1,1,25,7
5,AZ,2,0,11,2
5,AZ,2,1,20,3
5,AZ,3,0,351,54
5,AZ,3,1,467,30
5,AZ,4,0,1185,236
5,AZ,4,1,1936,93
5,AZ,5,0,4019,887
5,AZ,5,1,12426,711
5,CA,1,0,231,26
5,CA,1,1,86,20
5,CA,2,0,116,18
5,CA,2,1,98,16
5,CA,3,0,2401,430
5,CA,3,1,2859,160
5,CA,4,0,7468,1309
5,CA,4,1,9695,359
5,CA,5,0,30024,7476
5,CA,5,1,61165,3557
5,CO,1,0,28,7
5,CO,1,1,7,2
5,CO,2,0,16,4
5,CO,2,1,9,3
5,CO,3,0,210,34
5,CO,3,1,420,49
5,CO,4,0,679,131
5,CO,4,1,1338,79
5,CO,5,0,2611,570
5,CO,5,1,8568,787
5,CT,1,0,12,1
5,CT,1,1,8,0
5,CT,2,0,8,0
5,CT,2,1,4,0
5,CT,3,0,164,22
5,CT,3,1,230,7
5,CT,4,0,642,84
5,CT,4,1,854,18
5,CT,5,0,4005,842
5,CT,5,1,7207,494
5,DC,1,0,23,4
5,DC,1,1,3,0
5,DC,2,0,11,2
5,DC,2,1,3,0
5,DC,3,0,96,17
5,DC,3,1,62,4
5,DC,4,0,285,41
5,DC,4,1,241,8
5,DC,5,0,763,118
5,DC,5,1,782,35
5,DE,1,0,14,1
5,DE,1,1,3,1
5,DE,2,0,5,2
5,DE,2,1,2,0
5,DE,3,0,43,6
5,DE,3,1,90,4
5,DE,4,0,177,33
5,DE,4,1,301,12
5,DE,5,0,722,188
5,DE,5,1,2024,142
5,FL,1,0,136,12
5,FL,1,1,43,8
5,FL,2,0,58,7
5,FL,2,1,30,3
5,FL,3,0,1331,235
5,FL,3,1,1520,93
5,FL,4,0,4361,716
5,FL,4,1,6240,236
5,FL,5,0,19271,3645
5,FL,5,1,42208,2327
5,GA,1,0,71,7
5,GA,1,1,37,9
5,GA,2,0,43,5
5,GA,2,1,33,3
5,GA,3,0,792,118
5,GA,3,1,1122,52
5,GA,4,0,2354,382
5,GA,4,1,3789,141
5,GA,5,0,7282,1544
5,GA,5,1,16450,910
5,HI,1,0,9,0
5,HI,1,1,2,1
5,HI,2,0,4,2
5,HI,2,1,0,0
5,HI,3,0,89,9
5,HI,3,1,100,5
5,HI,4,0,268,42
5,HI,4,1,374,29
5,HI,5,0,1249,303
5,HI,5,1,2230,283
5,IA,1,0,23,2
5,IA,1,1,10,4
5,IA,2,0,9,2
5,IA,2,1,5,1
5,IA,3,0,139,18
5,IA,3,1,221,17
5,IA,4,0,539,90
5,IA,4,1,963,67
5,IA,5,0,2961,662
5,IA,5,1,7322,782
5,ID,1,0,1,0
5,ID,1,1,3,0
5,ID,2,0,3,2
5,ID,2,1,2,1
5,ID,3,0,73,13
5,ID,3,1,110,10
5,ID,4,0,251,32
5,ID,4,1,419,20
5,ID,5,0,1023,253
5,ID,5,1,2853,219
5,IL,1,0,52,7
5,IL,1,1,29,7
5,IL,2,0,25,5
5,IL,2,1,34,7
5,IL,3,0,649,101
5,IL,3,1,942,48
5,IL,4,0,2267,426
5,IL,4,1,3497,128
5,IL,5,0,11167,2591
5,IL,5,1,21635,1721
5,IN,1,0,36,6
5,IN,1,1,33,8
5,IN,2,0,23,4
5,IN,2,1,13,3
5,IN,3,0,527,79
5,IN,3,1,673,40
5,IN,4,0,1821,308
5,IN,4,1,2368,127
5,IN,5,0,7395,1687
5,IN,5,1,13603,1140
5,KS,1,0,8,2
5,KS,1,1,9,1
5,KS,2,0,5,2
5,KS,2,1,6,0
5,KS,3,0,127,22
5,KS,3,1,236,17
5,KS,4,0,557,111
5,KS,4,1,820,37
5,KS,5,0,2436,612
5,KS,5,1,5744,498
5,KY,1,0,17,0
5,KY,1,1,11,2
5,KY,2,0,10,1
5,KY,2,1,7,2
5,KY,3,0,388,70
5,KY,3,1,625,35
5,KY,4,0,1509,301
5,KY,4,1,1912,64
5,KY,5,0,5583,1536
5,KY,5,1,8670,750
5,LA,1,0,28,7
5,LA,1,1,16,4
5,LA,2,0,15,4
5,LA,2,1,14,0
5,LA,3,0,370,45
5,LA,3,1,621,40
5,LA,4,0,1234,192
5,LA,4,1,1955,74
5,LA,5,0,4258,873
5,LA,5,1,7882,300
5,MA,1,0,45,3
5,MA,1,1,7,2
5,MA,2,0,18,2
5,MA,2,1,9,1
5,MA,3,0,359,58
5,MA,3,1,377,15
5,MA,4,0,1293,275
5,MA,4,1,1633,71
5,MA,5,0,6767,1786
5,MA,5,1,12882,1271
5,MD,1,0,23,1
5,MD,1,1,12,6
5,MD,2,0,4,1
5,MD,2,1,12,5
5,MD,3,0,294,60
5,MD,3,1,470,33
5,MD,4,0,994,221
5,MD,4,1,1718,59
5,MD,5,0,4434,1237
5,MD,5,1,10118,802
5,ME,1,0,5,1
5,ME,1,1,3,0
5,ME,2,0,2,1
5,ME,2,1,0,0
5,ME,3,0,51,8
5,ME,3,1,82,5
5,ME,4,0,274,55
5,ME,4,1,423,11
5,ME,5,0,1516,380
5,ME,5,1,3025,301
5,MI,1,0,51,7
5,MI,1,1,26,8
5,MI,2,0,27,3
5,MI,2,1,18,4
5,MI,3,0,574,117
5,MI,3,1,930,67
5,MI,4,0,2203,406
5,MI,4,1,3607,143
5,MI,5,0,10176,2301
5,MI,5,1,20445,1281
5,MN,1,0,35,4
5,MN,1,1,17,8
5,MN,2,0,18,6
5,MN,2,1,14,1
5,MN,3,0,221,41
5,MN,3,1,340,23
5,MN,4,0,750,138
5,MN,4,1,1231,77
5,MN,5,0,3776,860
5,MN,5,1,10316,947
5,MO,1,0,42,2
5,MO,1,1,26,6
5,MO,2,0,17,3
5,MO,2,1,24,3
5,MO,3,0,405,69
5,MO,3,1,640,32
5,MO,4,0,1540,289
5,MO,4,1,2410,94
5,MO,5,0,6474,1549
5,MO,5,1,13176,1040
5,MS,1,0,23,6
5,MS,1,1,13,4
5,MS,2,0,10,2
5,MS,2,1,18,1
5,MS,3,0,284,32
5,MS,3,1,564,12
5,MS,4,0,1055,178
5,MS,4,1,1603,31
5,MS,5,0,3922,959
5,MS,5,1,5795,180
5,MT,1,0,3,0
5,MT,1,1,3,0
5,MT,2,0,4,2
5,MT,2,1,2,0
5,MT,3,0,55,9
5,MT,3,1,64,4
5,MT,4,0,210,33
5,MT,4,1,293,11
5,MT,5,0,871,182
5,MT,5,1,2044,182
5,NC,1,0,60,6
5,NC,1,1,22,6
5,NC,2,0,29,5
5,NC,2,1,16,3
5,NC,3,0,701,127
5,NC,3,1,803,51
5,NC,4,0,2284,451
5,NC,4,1,3318,142
5,NC,5,0,8991,2315
5,NC,5,1,18462,1754
5,ND,1,0,6,1
5,ND,1,1,2,0
5,ND,2,0,1,0
5,ND,2,1,1,0
5,ND,3,0,74,13
5,ND,3,1,73,3
5,ND,4,0,186,41
5,ND,4,1,206,12
5,ND,5,0,965,218
5,ND,5,1,1381,161
5,NE,1,0,16,3
5,NE,1,1,5,1
5,NE,2,0,8,1
5,NE,2,1,5,0
5,NE,3,0,127,31
5,NE,3,1,138,13
5,NE,4,0,403,80
5,NE,4,1,583,38
5,NE,5,0,1911,463
5,NE,5,1,4215,350
5,NH,1,0,1,1
5,NH,1,1,2,0
5,NH,2,0,2,0
5,NH,2,1,4,0
5,NH,3,0,49,13
5,NH,3,1,67,4
5,NH,4,0,202,37
5,NH,4,1,314,12
5,NH,5,0,1171,293
5,NH,5,1,2611,203
5,NJ,1,0,27,4
5,NJ,1,1,17,2
5,NJ,2,0,13,5
5,NJ,2,1,21,1
5,NJ,3,0,469,68
5,NJ,3,1,593,20
5,NJ,4,0,1711,249
5,NJ,4,1,2246,55
5,NJ,5,0,9191,1623
5,NJ,5,1,16416,899
5,NM,1,0,9,2
5,NM,1,1,8,3
5,NM,2,0,7,0
5,NM,2,1,2,0
5,NM,3,0,111,39
5,NM,3,1,193,20
5,NM,4,0,315,68
5,NM,4,1,579,45
5,NM,5,0,1233,355
5,NM,5,1,3728,295
5,NV,1,0,13,4
5,NV,1,1,6,3
5,NV,2,0,6,3
5,NV,2,1,4,0
5,NV,3,0,231,49
5,NV,3,1,293,11
5,NV,4,0,722,185
5,NV,4,1,932,31
5,NV,5,0,2639,686
5,NV,5,1,4243,172
5,NY,1,0,106,13
5,NY,1,1,52,16
5,NY,2,0,63,10
5,NY,2,1,41,5
5,NY,3,0,1149,193
5,NY,3,1,1426,81
5,NY,4,0,4458,703
5,NY,4,1,5022,157
5,NY,5,0,22906,5224
5,NY,5,1,35175,2083
5,OH,1,0,88,7
5,OH,1,1,29,5
5,OH,2,0,35,2
5,OH,2,1,18,1
5,OH,3,0,740,123
5,OH,3,1,1178,62
5,OH,4,0,2662,443
5,OH,4,1,4529,229
5,OH,5,0,11007,2318
5,OH,5,1,28448,2444
5,OK,1,0,23,5
5,OK,1,1,10,6
5,OK,2,0,12,4
5,OK,2,1,11,3
5,OK,3,0,338,55
5,OK,3,1,494,27
5,OK,4,0,1207,246
5,OK,4,1,1705,75
5,OK,5,0,4295,1067
5,OK,5,1,8282,541
5,OR,1,0,8,0
5,OR,1,1,11,4
5,OR,2,0,6,1
5,OR,2,1,13,0
5,OR,3,0,175,31
5,OR,3,1,247,18
5,OR,4,0,683,103
5,OR,4,1,1095,51
5,OR,5,0,3022,632
5,OR,5,1,7917,536
5,PA,1,0,79,6
5,PA,1,1,41,11
5,PA,2,0,29,4
5,PA,2,1,22,8
5,PA,3,0,775,129
5,PA,3,1,936,54
5,PA,4,0,2969,490
5,PA,4,1,3958,160
5,PA,5,0,14183,3086
5,PA,5,1,30692,2267
5,RI,1,0,7,2
5,RI,1,1,4,1
5,RI,2,0,2,0
5,RI,2,1,3,0
5,RI,3,0,53,10
5,RI,3,1,97,3
5,RI,4,0,207,35
5,RI,4,1,358,16
5,RI,5,0,928,228
5,RI,5,1,2758,281
5,SC,1,0,25,4
5,SC,1,1,19,4
5,SC,2,0,14,4
5,SC,2,1,11,3
5,SC,3,0,378,60
5,SC,3,1,650,37
5,SC,4,0,1303,208
5,SC,4,1,2029,84
5,SC,5,0,4543,1029
5,SC,5,1,9592,723
5,SD,1,0,4,2
5,SD,1,1,4,0
5,SD,2,0,1,0
5,SD,2,1,1,1
5,SD,3,0,50,7
5,SD,3,1,69,11
5,SD,4,0,144,26
5,SD,4,1,234,13
5,SD,5,0,889,220
5,SD,5,1,1900,234
5,TN,1,0,66,14
5,TN,1,1,29,10
5,TN,2,0,34,7
5,TN,2,1,14,6
5,TN,3,0,657,121
5,TN,3,1,871,38
5,TN,4,0,2184,454
5,TN,4,1,3047,120
5,TN,5,0,8003,2052
5,TN,5,1,13169,1099
5,TX,1,0,237,27
5,TX,1,1,60,19
5,TX,2,0,96,22
5,TX,2,1,56,14
5,TX,3,0,2054,352
5,TX,3,1,2184,135
5,TX,4,0,6158,1159
5,TX,4,1,7595,356
5,TX,5,0,21724,5074
5,TX,5,1,38614,2516
5,UT,1,0,30,2
5,UT,1,1,13,1
5,UT,2,0,9,4
5,UT,2,1,11,0
5,UT,3,0,141,26
5,UT,3,1,196,20
5,UT,4,0,363,79
5,UT,4,1,571,46
5,UT,5,0,1299,291
5,UT,5,1,4022,348
5,VA,1,0,41,3
5,VA,1,1,14,6
5,VA,2,0,22,7
5,VA,2,1,15,1
5,VA,3,0,397,51
5,VA,3,1,582,27
5,VA,4,0,1551,254
5,VA,4,1,2076,73
5,VA,5,0,7063,1550
5,VA,5,1,12556,914
5,VT,1,0,1,1
5,VT,1,1,1,0
5,VT,2,0,1,0
5,VT,2,1,0,0
5,VT,3,0,22,4
5,VT,3,1,36,1
5,VT,4,0,108,20
5,VT,4,1,199,4
5,VT,5,0,613,144
5,VT,5,1,1453,180
5,WA,1,0,34,6
5,WA,1,1,14,4
5,WA,2,0,19,6
5,WA,2,1,9,0
5,WA,3,0,408,69
5,WA,3,1,431,34
5,WA,4,0,1389,269
5,WA,4,1,1805,98
5,WA,5,0,5413,1135
5,WA,5,1,11607,1035
5,WI,1,0,26,4
5,WI,1,1,15,9
5,WI,2,0,6,2
5,WI,2,1,10,1
5,WI,3,0,236,40
5,WI,3,1,396,23
5,WI,4,0,887,163
5,WI,4,1,1506,85
5,WI,5,0,4890,1087
5,WI,5,1,11788,1061
5,WV,1,0,8,0
5,WV,1,1,4,0
5,WV,2,0,7,2
5,WV,2,1,4,0
5,WV,3,0,159,40
5,WV,3,1,222,8
5,WV,4,0,593,136
5,WV,4,1,795,47
5,WV,5,0,2518,702
5,WV,5,1,4564,397
5,WY,1,0,0,0
5,WY,1,1,4,3
5,WY,2,1,0,0
5,WY,3,0,21,3
5,WY,3,1,63,7
5,WY,4,0,74,16
5,WY,4,1,202,10
5,WY,5,0,360,102
5,WY,5,1,938,73
6,AK,1,0,4,0
6,AK,1,1,4,0
6,AK,2,0,1,0
6,AK,2,1,2,1
6,AK,3,0,52,9
6,AK,3,1,92,8
6,AK,4,0,114,20
6,AK,4,1,243,6
6,AK,5,0,381,68
6,AK,5,1,523,30
6,AL,1,0,51,3
6,AL,1,1,10,2
6,AL,2,0,16,2
6,AL,2,1,10,1
6,AL,3,0,584,79
6,AL,3,1,553,8
6,AL,4,0,1846,284
6,AL,4,1,1815,46
6,AL,5,0,5749,1104
6,AL,5,1,8532,289
6,AR,1,0,22,2
6,AR,1,1,18,5
6,AR,2,0,6,0
6,AR,2,1,7,0
6,AR,3,0,260,39
6,AR,3,1,463,26
6,AR,4,0,769,150
6,AR,4,1,1568,55
6,AR,5,0,2971,698
6,AR,5,1,6796,406
6,AZ,1,0,43,7
6,AZ,1,1,22,5
6,AZ,2,0,13,2
6,AZ,2,1,17,4
6,AZ,3,0,416,104
6,AZ,3,1,588,60
6,AZ,4,0,1270,291
6,AZ,4,1,2082,116
6,AZ,5,0,4617,1103
6,AZ,5,1,13402,800
6,CA,1,0,211,20
6,CA,1,1,83,20
6,CA,2,0,120,18
6,CA,2,1,89,15
6,CA,3,0,2556,462
6,CA,3,1,2856,163
6,CA,4,0,7914,1520
6,CA,4,1,10034,405
6,CA,5,0,31155,7496
6,CA,5,1,62227,3209
6,CO,1,0,31,4
6,CO,1,1,13,3
6,CO,2,0,16,3
6,CO,2,1,10,1
6,CO,3,0,283,42
6,CO,3,1,470,27
6,CO,4,0,729,138
6,CO,4,1,1577,83
6,CO,5,0,2574,531
6,CO,5,1,8844,605
6,CT,1,0,11,0
6,CT,1,1,8,0
6,CT,2,0,4,1
6,CT,2,1,7,2
6,CT,3,0,185,29
6,CT,3,1,206,4
6,CT,4,0,696,124
6,CT,4,1,850,30
6,CT,5,0,3852,724
6,CT,5,1,6979,349
6,DC,1,0,31,4
6,DC,1,1,5,1
6,DC,2,0,8,1
6,DC,2,1,2,0
6,DC,3,0,99,18
6,DC,3,1,54,1
6,DC,4,0,333,61
6,DC,4,1,203,7
6,DC,5,0,739,114
6,DC,5,1,745,31
6,DE,1,0,4,1
6,DE,1,1,0,0
6,DE,2,0,7,0
6,DE,2,1,4,1
6,DE,3,0,65,15
6,DE,3,1,74,2
6,DE,4,0,136,29
6,DE,4,1,281,9
6,DE,5,0,634,144
6,DE,5,1,1923,119
6,FL,1,0,133,9
6,FL,1,1,45,10
6,FL,2,0,43,11
6,FL,2,1,36,9
6,FL,3,0,1405,244
6,FL,3,1,1581,91
6,FL,4,0,4536,786
6,FL,4,1,6588,280
6,FL,5,0,19156,3311
6,FL,5,1,42353,2185
6,GA,1,0,87,7
6,GA,1,1,32,10
6,GA,2,0,37,4
6,GA,2,1,33,3
6,GA,3,0,865,130
6,GA,3,1,1179,43
6,GA,4,0,2537,397
6,GA,4,1,3905,121
6,GA,5,0,7145,1402
6,GA,5,1,16121,787
6,HI,1,0,10,0
6,HI,1,1,6,3
6,HI,2,0,3,1
6,HI,2,1,3,0
6,HI,3,0,93,11
6,HI,3,1,129,14
6,HI,4,0,252,50
6,HI,4,1,360,30
6,HI,5,0,1061,250
6,HI,5,1,2319,309
6,IA,1,0,12,1
6,IA,1,1,10,2
6,IA,2,0,5,0
6,IA,2,1,6,0
6,IA,3,0,120,15
6,IA,3,1,269,21
6,IA,4,0,522,96
6,IA,4,1,964,55
6,IA,5,0,2775,563
6,IA,5,1,6889,583
6,ID,1,0,6,0
6,ID,1,1,7,0
6,ID,2,0,5,0
6,ID,2,1,6,0
6,ID,3,0,71,11
6,ID,3,1,120,7
6,ID,4,0,257,47
6,ID,4,1,456,17
6,ID,5,0,1031,216
6,ID,5,1,3036,215
6,IL,1,0,58,4
6,IL,1,1,32,12
6,IL,2,0,26,5
6,IL,2,1,23,3
6,IL,3,0,654,127
6,IL,3,1,934,44
6,IL,4,0,2346,454
6,IL,4,1,3587,145
6,IL,5,0,10388,2188
6,IL,5,1,20651,1342
6,IN,1,0,53,6
6,IN,1,1,12,5
6,IN,2,0,25,8
6,IN,2,1,9,2
6,IN,3,0,505,93
6,IN,3,1,655,41
6,IN,4,0,1870,333
6,IN,4,1,2452,98
6,IN,5,0,6837,1367
6,IN,5,1,13041,931
6,KS,1,0,8,0
6,KS,1,1,4,1
6,KS,2,0,5,1
6,KS,2,1,8,0
6,KS,3,0,129,25
6,KS,3,1,218,7
6,KS,4,0,503,71
6,KS,4,1,916,47
6,KS,5,0,2267,478
6,KS,5,1,5476,438
6,KY,1,0,24,3
6,KY,1,1,15,5
6,KY,2,0,4,4
6,KY,2,1,10,3
6,KY,3,0,445,91
6,KY,3,1,589,22
6,KY,4,0,1443,313
6,KY,4,1,2037,63
6,KY,5,0,5338,1412
6,KY,5,1,8640,618
6,LA,1,0,42,8
6,LA,1,1,22,6
6,LA,2,0,12,3
6,LA,2,1,9,2
6,LA,3,0,353,41
6,LA,3,1,581,33
6,LA,4,0,1272,176
6,LA,4,1,1919,67
6,LA,5,0,4062,764
6,LA,5,1,7536,251
6,MA,1,0,29,4
6,MA,1,1,8,1
6,MA,2,0,18,4
6,MA,2,1,11,1
6,MA,3,0,341,55
6,MA,3,1,378,27
6,MA,4,0,1224,248
6,MA,4,1,1526,52
6,MA,5,0,6343,1511
6,MA,5,1,11845,990
6,MD,1,0,23,2
6,MD,1,1,15,6
6,MD,2,0,8,1
6,MD,2,1,11,2
6,MD,3,0,306,71
6,MD,3,1,532,35
6,MD,4,0,939,218
6,MD,4,1,1772,54
6,MD,5,0,3871,1027
6,MD,5,1,10013,646
6,ME,1,0,8,0
6,ME,1,1,3,1
6,ME,2,0,3,0
6,ME,2,1,2,2
6,ME,3,0,51,8
6,ME,3,1,94,3
6,ME,4,0,239,54
6,ME,4,1,415,22
6,ME,5,0,1197,249
6,ME,5,1,2940,205
6,MI,1,0,56,2
6,MI,1,1,46,16
6,MI,2,0,25,4
6,MI,2,1,27,8
6,MI,3,0,566,117
6,MI,3,1,882,75
6,MI,4,0,2241,423
6,MI,4,1,3514,137
6,MI,5,0,9701,1938
6,MI,5,1,20009,1064
6,MN,1,0,35,7
6,MN,1,1,17,7
6,MN,2,0,19,5
6,MN,2,1,9,2
6,MN,3,0,247,36
6,MN,3,1,314,18
6,MN,4,0,773,134
6,MN,4,1,1258,77
6,MN,5,0,3719,703
6,MN,5,1,9919,769
6,MO,1,0,52,4
6,MO,1,1,28,12
6,MO,2,0,18,2
6,MO,2,1,14,2
6,MO,3,0,440,57
6,MO,3,1,577,30
6,MO,4,0,1504,273
6,MO,4,1,2352,96
6,MO,5,0,5935,1256
6,MO,5,1,12574,756
6,MS,1,0,16,1
6,MS,1,1,21,5
6,MS,2,0,9,2
6,MS,2,1,15,1
6,MS,3,0,291,39
6,MS,3,1,556,12
6,MS,4,0,1076,210
6,MS,4,1,1521,36
6,MS,5,0,3713,834
6,MS,5,1,5918,234
6,MT,1,0,2,0
6,MT,1,1,2,1
6,MT,2,0,2,1
6,MT,2,1,1,0
6,MT,3,0,65,11
6,MT,3,1,90,4
6,MT,4,0,197,33
6,MT,4,1,334,16
6,MT,5,0,859,159
6,MT,5,1,2021,126
6,NC,1,0,77,2
6,NC,1,1,20,6
6,NC,2,0,29,4
6,NC,2,1,27,3
6,NC,3,0,721,121
6,NC,3,1,813,42
6,NC,4,0,2422,473
6,NC,4,1,3310,157
6,NC,5,0,8531,2067
6,NC,5,1,17966,1428
6,ND,1,0,2,1
6,ND,1,1,2,0
6,ND,2,0,1,0
6,ND,2,1,0,0
6,ND,3,0,61,6
6,ND,3,1,48,6
6,ND,4,0,213,42
6,ND,4,1,189,8
6,ND,5,0,938,194
6,ND,5,1,1276,101
6,NE,1,0,14,1
6,NE,1,1,5,3
6,NE,2,0,2,1
6,NE,2,1,10,0
6,NE,3,0,89,13
6,NE,3,1,123,11
6,NE,4,0,399,70
6,NE,4,1,548,19
6,NE,5,0,1785,391
6,NE,5,1,4034,271
6,NH,1,0,3,0
6,NH,1,1,2,0
6,NH,2,1,6,1
6,NH,3,0,59,7
6,NH,3,1,80,6
6,NH,4,0,189,44
6,NH,4,1,389,11
6,NH,5,0,1062,254
6,NH,5,1,2578,157
6,NJ,1,0,32,4
6,NJ,1,1,17,2
6,NJ,2,0,16,6
6,NJ,2,1,16,2
6,NJ,3,0,440,74
6,NJ,3,1,609,24
6,NJ,4,0,1682,245
6,NJ,4,1,2174,60
6,NJ,5,0,8636,1401
6,NJ,5,1,15417,685
6,NM,1,0,4,1
6,NM,1,1,7,3
6,NM,2,0,2,0
6,NM,2,1,3,2
6,NM,3,0,123,28
6,NM,3,1,167,25
6,NM,4,0,310,78
6,NM,4,1,672,45
6,NM,5,0,1309,364
6,NM,5,1,3779,261
6,NV,1,0,17,3
6,NV,1,1,14,3
6,NV,2,0,8,0
6,NV,2,1,10,0
6,NV,3,0,268,64
6,NV,3,1,292,16
6,NV,4,0,825,194
6,NV,4,1,974,36
6,NV,5,0,2772,708
6,NV,5,1,4467,145
6,NY,1,0,98,13
6,NY,1,1,50,7
6,NY,2,0,43,7
6,NY,2,1,42,6
6,NY,3,0,1185,244
6,NY,3,1,1370,60
6,NY,4,0,4292,805
6,NY,4,1,5068,175
6,NY,5,0,21472,4598
6,NY,5,1,33172,1620
6,OH,1,0,70,5
6,OH,1,1,30,5
6,OH,2,0,32,7
6,OH,2,1,31,5
6,OH,3,0,815,158
6,OH,3,1,1271,84
6,OH,4,0,2776,472
6,OH,4,1,4708,230
6,OH,5,0,10133,1914
6,OH,5,1,26705,1797
6,OK,1,0,26,0
6,OK,1,1,20,9
6,OK,2,0,6,1
6,OK,2,1,12,1
6,OK,3,0,308,55
6,OK,3,1,494,37
6,OK,4,0,1123,223
6,OK,4,1,1815,69
6,OK,5,0,4212,1058
6,OK,5,1,8191,435
6,OR,1,0,12,3
6,OR,1,1,5,0
6,OR,2,0,11,0
6,OR,2,1,9,0
6,OR,3,0,172,34
6,OR,3,1,231,10
6,OR,4,0,696,127
6,OR,4,1,1119,33
6,OR,5,0,2975,574
6,OR,5,1,8249,428
6,PA,1,0,74,4
6,PA,1,1,29,9
6,PA,2,0,33,5
6,PA,2,1,17,4
6,PA,3,0,769,120
6,PA,3,1,996,53
6,PA,4,0,2966,492
6,PA,4,1,4027,144
6,PA,5,0,13197,2555
6,PA,5,1,29183,1840
6,RI,1,0,5,0
6,RI,1,1,2,1
6,RI,2,0,5,0
6,RI,2,1,1,0
6,RI,3,0,64,10
6,RI,3,1,84,5
6,RI,4,0,194,38
6,RI,4,1,319,10
6,RI,5,0,868,157
6,RI,5,1,2664,188
6,SC,1,0,37,5
6,SC,1,1,17,5
6,SC,2,0,15,2
6,SC,2,1,11,0
6,SC,3,0,451,87
6,SC,3,1,674,37
6,SC,4,0,1354,250
6,SC,4,1,2070,91
6,SC,5,0,4514,956
6,SC,5,1,9429,535
6,SD,1,0,6,3
6,SD,1,1,0,0
6,SD,2,0,1,0
6,SD,2,1,2,1
6,SD,3,0,45,10
6,SD,3,1,67,8
6,SD,4,0,157,23
6,SD,4,1,240,6
6,SD,5,0,886,192
6,SD,5,1,1765,157
6,TN,1,0,46,4
6,TN,1,1,22,7
6,TN,2,0,30,6
6,TN,2,1,10,1
6,TN,3,0,690,130
6,TN,3,1,847,52
6,TN,4,0,2209,489
6,TN,4,1,2948,104
6,TN,5,0,7651,1789
6,TN,5,1,12797,835
6,TX,1,0,217,25
6,TX,1,1,59,17
6,TX,2,0,92,12
6,TX,2,1,43,6
6,TX,3,0,2069,352
6,TX,3,1,2101,131
6,TX,4,0,6222,1144
6,TX,4,1,7754,337
6,TX,5,0,20783,4493
6,TX,5,1,38585,2216
6,UT,1,0,29,2
6,UT,1,1,6,0
6,UT,2,0,5,0
6,UT,2,1,12,2
6,UT,3,0,160,32
6,UT,3,1,191,22
6,UT,4,0,361,82
6,UT,4,1,616,47
6,UT,5,0,1393,367
6,UT,5,1,4046,354
6,VA,1,0,57,10
6,VA,1,1,25,5
6,VA,2,0,14,0
6,VA,2,1,21,2
6,VA,3,0,395,58
6,VA,3,1,591,17
6,VA,4,0,1523,265
6,VA,4,1,2253,64
6,VA,5,0,6458,1266
6,VA,5,1,11894,680
6,VT,1,0,0,0
6,VT,1,1,1,0
6,VT,2,1,2,0
6,VT,3,0,18,4
6,VT,3,1,48,1
6,VT,4,0,110,22
6,VT,4,1,198,17
6,VT,5,0,561,109
6,VT,5,1,1440,118
6,WA,1,0,49,5
6,WA,1,1,14,5
6,WA,2,0,19,1
6,WA,2,1,6,1
6,WA,3,0,419,83
6,WA,3,1,462,44
6,WA,4,0,1363,275
6,WA,4,1,1678,74
6,WA,5,0,5611,1020
6,WA,5,1,11761,861
6,WI,1,0,31,2
6,WI,1,1,24,7
6,WI,2,0,15,2
6,WI,2,1,10,2
6,WI,3,0,242,36
6,WI,3,1,377,26
6,WI,4,0,960,183
6,WI,4,1,1578,72
6,WI,5,0,4632,884
6,WI,5,1,11242,758
6,WV,1,0,6,1
6,WV,1,1,1,0
6,WV,2,0,0,0
6,WV,2,1,2,0
6,WV,3,0,178,36
6,WV,3,1,211,14
6,WV,4,0,560,127
6,WV,4,1,882,29
6,WV,5,0,2264,571
6,WV,5,1,4288,268
6,WY,1,0,0,0
6,WY,1,1,1,1
6,WY,2,0,2,1
6,WY,2,1,1,1
6,WY,3,0,12,1
6,WY,3,1,62,5
6,WY,4,0,57,14
6,WY,4,1,181,8
6,WY,5,0,310,64
6,WY,5,1,981,70
7,AK,1,0,7,2
7,AK,1,1,3,2
7,AK,2,0,3,0
7,AK,2,1,4,1
7,AK,3,0,44,13
7,AK,3,1,82,6
7,AK,4,0,121,24
7,AK,4,1,202,3
7,AK,5,0,408,87
7,AK,5,1,608,30
7,AL,1,0,60,5
7,AL,1,1,9,1
7,AL,2,0,24,1
7,AL,2,1,7,0
7,AL,3,0,699,83
7,AL,3,1,440,18
7,AL,4,0,1989,258
7,AL,4,1,1684,28
7,AL,5,0,6294,1164
7,AL,5,1,8366,279
7,AR,1,0,20,2
7,AR,1,1,23,12
7,AR,2,0,9,0
7,AR,2,1,11,2
7,AR,3,0,233,42
7,AR,3,1,444,27
7,AR,4,0,768,165
7,AR,4,1,1560,38
7,AR,5,0,3181,789
7,AR,5,1,7248,421
7,AZ,1,0,35,5
7,AZ,1,1,23,5
7,AZ,2,0,20,1
7,AZ,2,1,11,2
7,AZ,3,0,381,66
7,AZ,3,1,548,26
7,AZ,4,0,1194,221
7,AZ,4,1,1943,92
7,AZ,5,0,4364,953
7,AZ,5,1,13403,689
7,CA,1,0,209,29
7,CA,1,1,91,27
7,CA,2,0,136,19
7,CA,2,1,88,15
7,CA,3,0,2573,446
7,CA,3,1,2778,147
7,CA,4,0,7786,1433
7,CA,4,1,10064,312
7,CA,5,0,32041,7843
7,CA,5,1,64883,3440
7,CO,1,0,43,5
7,CO,1,1,16,5
7,CO,2,0,12,0
7,CO,2,1,15,1
7,CO,3,0,272,46
7,CO,3,1,486,31
7,CO,4,0,773,133
7,CO,4,1,1565,88
7,CO,5,0,2710,538
7,CO,5,1,9423,677
7,CT,1,0,13,2
7,CT,1,1,4,1
7,CT,2,0,6,2
7,CT,2,1,6,0
7,CT,3,0,161,21
7,CT,3,1,197,1
7,CT,4,0,726,125
7,CT,4,1,905,23
7,CT,5,0,4096,830
7,CT,5,1,7439,475
7,DC,1,0,27,3
7,DC,1,1,4,0
7,DC,2,0,14,1
7,DC,2,1,4,0
7,DC,3,0,81,11
7,DC,3,1,54,1
7,DC,4,0,292,40
7,DC,4,1,205,2
7,DC,5,0,776,123
7,DC,5,1,792,23
7,DE,1,0,9,1
7,DE,1,1,3,2
7,DE,2,0,5,1
7,DE,2,1,2,0
7,DE,3,0,63,9
7,DE,3,1,81,4
7,DE,4,0,213,47
7,DE,4,1,291,13
7,DE,5,0,775,179
7,DE,5,1,1999,146
7,FL,1,0,129,15
7,FL,1,1,39,13
7,FL,2,0,62,12
7,FL,2,1,43,8
7,FL,3,0,1374,211
7,FL,3,1,1695,91
7,FL,4,0,4473,691
7,FL,4,1,6924,314
7,FL,5,0,19280,3473
7,FL,5,1,45086,2638
7,GA,1,0,70,4
7,GA,1,1,34,8
7,GA,2,0,30,4
7,GA,2,1,25,0
7,GA,3,0,815,104
7,GA,3,1,1239,53
7,GA,4,0,2346,336
7,GA,4,1,4114,111
7,GA,5,0,7060,1434
7,GA,5,1,17405,846
7,HI,1,0,9,0
7,HI,1,1,4,2
7,HI,2,0,4,1
7,HI,2,1,6,0
7,HI,3,0,85,12
7,HI,3,1,98,12
7,HI,4,0,299,58
7,HI,4,1,378,21
7,HI,5,0,1158,329
7,HI,5,1,2511,373
7,IA,1,0,16,4
7,IA,1,1,11,5
7,IA,2,0,5,1
7,IA,2,1,5,2
7,IA,3,0,151,19
7,IA,3,1,244,14
7,IA,4,0,550,102
7,IA,4,1,1045,63
7,IA,5,0,2897,614
7,IA,5,1,7632,704
7,ID,1,0,5,0
7,ID,1,1,3,0
7,ID,2,0,0,0
7,ID,2,1,3,0
7,ID,3,0,86,9
7,ID,3,1,107,3
7,ID,4,0,262,37
7,ID,4,1,456,20
7,ID,5,0,1103,231
7,ID,5,1,3339,229
7,IL,1,0,44,4
7,IL,1,1,27,10
7,IL,2,0,31,5
7,IL,2,1,24,6
7,IL,3,0,603,106
7,IL,3,1,859,55
7,IL,4,0,2202,416
7,IL,4,1,3556,122
7,IL,5,0,10912,2427
7,IL,5,1,21672,1408
7,IN,1,0,44,6
7,IN,1,1,17,4
7,IN,2,0,22,4
7,IN,2,1,22,6
7,IN,3,0,584,84
7,IN,3,1,744,34
7,IN,4,0,1774,269
7,IN,4,1,2524,112
7,IN,5,0,7086,1531
7,IN,5,1,14224,1000
7,KS,1,0,7,1
7,KS,1,1,10,2
7,KS,2,0,6,2
7,KS,2,1,8,1
7,KS,3,0,147,15
7,KS,3,1,228,11
7,KS,4,0,556,98
7,KS,4,1,923,39
7,KS,5,0,2475,558
7,KS,5,1,6036,520
7,KY,1,0,24,2
7,KY,1,1,11,6
7,KY,2,0,8,3
7,KY,2,1,7,2
7,KY,3,0,455,79
7,KY,3,1,604,18
7,KY,4,0,1501,302
7,KY,4,1,2174,81
7,KY,5,0,5526,1422
7,KY,5,1,8896,632
7,LA,1,0,38,10
7,LA,1,1,21,4
7,LA,2,0,11,1
7,LA,2,1,7,2
7,LA,3,0,410,70
7,LA,3,1,614,28
7,LA,4,0,1267,159
7,LA,4,1,2063,73
7,LA,5,0,4084,770
7,LA,5,1,8219,347
7,MA,1,0,32,3
7,MA,1,1,12,3
7,MA,2,0,20,4
7,MA,2,1,14,2
7,MA,3,0,376,66
7,MA,3,1,362,17
7,MA,4,0,1225,228
7,MA,4,1,1577,45
7,MA,5,0,6746,1613
7,MA,5,1,12767,1104
7,MD,1,0,22,4
7,MD,1,1,7,0
7,MD,2,0,12,2
7,MD,2,1,11,2
7,MD,3,0,286,69
7,MD,3,1,591,30
7,MD,4,0,1040,248
7,MD,4,1,1852,66
7,MD,5,0,4114,1132
7,MD,5,1,11048,717
7,ME,1,0,4,2
7,ME,1,1,2,1
7,ME,2,0,1,0
7,ME,2,1,2,0
7,ME,3,0,56,14
7,ME,3,1,79,5
7,ME,4,0,246,44
7,ME,4,1,459,16
7,ME,5,0,1264,299
7,ME,5,1,3153,227
7,MI,1,0,44,8
7,MI,1,1,27,8
7,MI,2,0,19,3
7,MI,2,1,27,1
7,MI,3,0,597,102
7,MI,3,1,907,57
7,MI,4,0,2272,381
7,MI,4,1,3740,139
7,MI,5,0,9694,2023
7,MI,5,1,21099,1088
7,MN,1,0,37,7
7,MN,1,1,18,3
7,MN,2,0,6,0
7,MN,2,1,8,5
7,MN,3,0,246,43
7,MN,3,1,367,29
7,MN,4,0,789,135
7,MN,4,1,1341,67
7,MN,5,0,3894,856
7,MN,5,1,10615,870
7,MO,1,0,52,4
7,MO,1,1,13,3
7,MO,2,0,25,5
7,MO,2,1,19,2
7,MO,3,0,462,70
7,MO,3,1,632,34
7,MO,4,0,1510,257
7,MO,4,1,2335,70
7,MO,5,0,6309,1466
7,MO,5,1,13348,881
7,MS,1,0,15,0
7,MS,1,1,11,2
7,MS,2,0,9,1
7,MS,2,1,17,1
7,MS,3,0,302,40
7,MS,3,1,514,20
7,MS,4,0,977,160
7,MS,4,1,1630,47
7,MS,5,0,3452,752
7,MS,5,1,6409,242
7,MT,1,0,2,0
7,MT,1,1,2,0
7,MT,2,0,2,0
7,MT,2,1,1,0
7,MT,3,0,55,12
7,MT,3,1,83,12
7,MT,4,0,189,30
7,MT,4,1,325,20
7,MT,5,0,952,174
7,MT,5,1,2287,210
7,NC,1,0,65,5
7,NC,1,1,20,4
7,NC,2,0,35,7
7,NC,2,1,21,2
7,NC,3,0,745,149
7,NC,3,1,873,56
7,NC,4,0,2431,477
7,NC,4,1,3452,143
7,NC,5,0,8877,2195
7,NC,5,1,18808,1514
7,ND,1,0,4,2
7,ND,1,1,1,0
7,ND,2,0,0,0
7,ND,2,1,5,0
7,ND,3,0,55,11
7,ND,3,1,58,8
7,ND,4,0,210,41
7,ND,4,1,186,10
7,ND,5,0,935,203
7,ND,5,1,1468,136
7,NE,1,0,19,0
7,NE,1,1,5,0
7,NE,2,0,4,2
7,NE,2,1,8,1
7,NE,3,0,98,16
7,NE,3,1,159,17
7,NE,4,0,408,69
7,NE,4,1,616,32
7,NE,5,0,1757,404
7,NE,5,1,4434,308
7,NH,1,0,2,1
7,NH,1,1,4,1
7,NH,2,0,2,1
7,NH,2,1,3,2
7,NH,3,0,44,7
7,NH,3,1,80,0
7,NH,4,0,242,41
7,NH,4,1,407,12
7,NH,5,0,1100,265
7,NH,5,1,2707,187
7,NJ,1,0,21,0
7,NJ,1,1,18,4
7,NJ,2,0,16,1
7,NJ,2,1,21,1
7,NJ,3,0,471,63
7,NJ,3,1,645,31
7,NJ,4,0,1744,243
7,NJ,4,1,2341,66
7,NJ,5,0,9131,1596
7,NJ,5,1,16471,834
7,NM,1,0,1,1
7,NM,1,1,2,0
7,NM,2,0,2,1
7,NM,2,1,3,0
7,NM,3,0,122,27
7,NM,3,1,172,25
7,NM,4,0,347,73
7,NM,4,1,636,46
7,NM,5,0,1283,329
7,NM,5,1,3782,261
7,NV,1,0,21,3
7,NV,1,1,10,3
7,NV,2,0,9,2
7,NV,2,1,6,2
7,NV,3,0,279,59
7,NV,3,1,264,12
7,NV,4,0,820,191
7,NV,4,1,926,37
7,NV,5,0,3139,695
7,NV,5,1,4462,162
7,NY,1,0,106,10
7,NY,1,1,53,12
7,NY,2,0,51,8
7,NY,2,1,33,5
7,NY,3,0,1180,203
7,NY,3,1,1374,71
7,NY,4,0,4335,695
7,NY,4,1,5153,168
7,NY,5,0,21725,4692
7,NY,5,1,34959,1810
7,OH,1,0,80,9
7,OH,1,1,41,11
7,OH,2,0,59,15
7,OH,2,1,34,4
7,OH,3,0,865,120
7,OH,3,1,1248,84
7,OH,4,0,2788,463
7,OH,4,1,4779,208
7,OH,5,0,10396,1990
7,OH,5,1,27885,1851
7,OK,1,0,27,2
7,OK,1,1,13,2
7,OK,2,0,11,1
7,OK,2,1,8,4
7,OK,3,0,312,67
7,OK,3,1,529,32
7,OK,4,0,1165,268
7,OK,4,1,1795,81
7,OK,5,0,4188,1067
7,OK,5,1,9059,497
7,OR,1,0,17,0
7,OR,1,1,6,1
7,OR,2,0,7,1
7,OR,2,1,6,1
7,OR,3,0,185,31
7,OR,3,1,273,18
7,OR,4,0,726,138
7,OR,4,1,1190,42
7,OR,5,0,3279,702
7,OR,5,1,8736,506
7,PA,1,0,62,4
7,PA,1,1,40,6
7,PA,2,0,35,5
7,PA,2,1,15,3
7,PA,3,0,758,122
7,PA,3,1,1048,50
7,PA,4,0,2744,441
7,PA,4,1,4277,147
7,PA,5,0,13564,2740
7,PA,5,1,30981,1998
7,RI,1,0,6,0
7,RI,1,1,2,0
7,RI,2,0,4,1
7,RI,2,1,3,0
7,RI,3,0,53,8
7,RI,3,1,81,3
7,RI,4,0,167,34
7,RI,4,1,321,13
7,RI,5,0,949,211
7,RI,5,1,2776,247
7,SC,1,0,41,5
7,SC,1,1,20,8
7,SC,2,0,9,2
7,SC,2,1,16,3
7,SC,3,0,397,65
7,SC,3,1,641,30
7,SC,4,0,1366,262
7,SC,4,1,2156,91
7,SC,5,0,4576,934
7,SC,5,1,9723,620
7,SD,1,0,3,1
7,SD,1,1,2,1
7,SD,2,0,0,0
7,SD,2,1,4,0
7,SD,3,0,50,12
7,SD,3,1,76,7
7,SD,4,0,170,37
7,SD,4,1,273,17
7,SD,5,0,940,197
7,SD,5,1,1874,194
7,TN,1,0,71,6
7,TN,1,1,30,5
7,TN,2,0,32,3
7,TN,2,1,18,5
7,TN,3,0,722,118
7,TN,3,1,914,41
7,TN,4,0,2223,405
7,TN,4,1,3120,100
7,TN,5,0,7808,1885
7,TN,5,1,13725,812
7,TX,1,0,256,27
7,TX,1,1,58,11
7,TX,2,0,103,15
7,TX,2,1,52,11
7,TX,3,0,2109,357
7,TX,3,1,2255,118
7,TX,4,0,6207,1073
7,TX,4,1,8047,351
7,TX,5,0,20873,4457
7,TX,5,1,40515,2380
7,UT,1,0,29,1
7,UT,1,1,6,1
7,UT,2,0,7,2
7,UT,2,1,8,0
7,UT,3,0,155,28
7,UT,3,1,215,18
7,UT,4,0,369,62
7,UT,4,1,654,44
7,UT,5,0,1292,294
7,UT,5,1,4172,313
7,VA,1,0,39,5
7,VA,1,1,14,5
7,VA,2,0,18,3
7,VA,2,1,14,3
7,VA,3,0,431,60
7,VA,3,1,640,24
7,VA,4,0,1550,249
7,VA,4,1,2268,57
7,VA,5,0,6677,1331
7,VA,5,1,12786,729
7,VT,1,0,4,3
7,VT,1,1,2,0
7,VT,2,0,1,0
7,VT,2,1,1,0
7,VT,3,0,18,2
7,VT,3,1,30,4
7,VT,4,0,76,15
7,VT,4,1,181,4
7,VT,5,0,548,100
7,VT,5,1,1543,121
7,WA,1,0,39,4
7,WA,1,1,20,11
7,WA,2,0,20,5
7,WA,2,1,8,1
7,WA,3,0,402,62
7,WA,3,1,480,32
7,WA,4,0,1424,280
7,WA,4,1,1783,86
7,WA,5,0,5928,1271
7,WA,5,1,12522,1032
7,WI,1,0,22,0
7,WI,1,1,21,7
7,WI,2,0,13,3
7,WI,2,1,8,0
7,WI,3,0,264,47
7,WI,3,1,372,22
7,WI,4,0,892,155
7,WI,4,1,1653,69
7,WI,5,0,4569,962
7,WI,5,1,11855,836
7,WV,1,0,5,0
7,WV,1,1,2,0
7,WV,2,0,3,0
7,WV,2,1,5,1
7,WV,3,0,130,19
7,WV,3,1,239,10
7,WV,4,0,590,129
7,WV,4,1,872,37
7,WV,5,0,2366,579
7,WV,5,1,4537,272
7,WY,1,0,0,0
7,WY,1,1,4,1
7,WY,2,1,0,0
7,WY,3,0,21,1
7,WY,3,1,54,5
7,WY,4,0,62,13
7,WY,4,1,197,9
7,WY,5,0,311,79
7,WY,5,1,984,73
